TANQUE,PRODUCTO,h,DIAM.,CONO,h M.,T Â°C,LIT/CMS,KG/CMS,DENS.,KG.,% AGUA/OTRO,FECHA
TK1,ESTEARINA  DE PALMA  RBD,610,381,250,373,55,114.0094494,102.60850445999999,0.9,24568.215557019998,,2020-04-23
TK2,INTERESTERIFICADO ,610,381,250,407,55,114.0094494,102.60850445999999,0.9,21079.52640538,,2020-04-23
TK3,PALMISTE RBD,610,381,250,580,55,114.0094494,98.048126484,0.86,3191.4437945199998,,2020-04-23
TK4,GRASA DURA ,610,381,250,VACIO,55,114.0094494,102.60850445999999,0.9,,,2020-04-23
TK5,PALMA RBD,610,381,250,82,55,114.0094494,102.60850445999999,0.9,54427.290354879995,,2020-04-23
TK 800,PALMA RBD,1224,968,5000,183,,735.9386496,662.34478464,0.9,694500.92081024,,2020-04-23
TK 500,PALMA RBD,733,960,3500,34,20,723.82464,651.442176,0.9,458858.081024,,2020-04-23
TK 60,ACIDOS GRASOS DE PALMA,610,381,250,289,50,114.0094494,102.31633039185253,0.8974372820000001,33093.54205578466,,2020-04-23
N1,ACEITE DE PALMA CRUDO (CPO),458,298,250,VACIO,100,69.7466616,63.469462056,0.91,,,2020-04-23
N2,ACEITE DE PALMA BLANQUEADO (BPO),458,298,250,VACIO,60,69.7466616,63.469462056,0.91,,,2020-04-23
TK 370,PALMISTE CRUDO ,839,771,3891,VACIO,60,466.8739614,415.517825646,0.89,,,2020-04-23
CRISTA 1,PALMA RBD,740,292,2200,130,50,66.9663456,59.600047583999995,0.89,38556.029026239994,,2020-04-23
CRISTA 2,PALMA RBD,745,292,2200,120,50,66.9663456,59.600047583999995,0.89,39450.02974,,2020-04-23
TOLVA ,ESTEARINA DE PALMA RBD,152,430,500,VACIO,50,145.22046,130.698414,0.9,,,2020-04-23
OLEINA LAVADO,OLEINA LAVADO ,350,160,200,5,50,20.106240000000003,17.894553600000002,0.89,6373.620992000001,,2020-04-23
TK40 RECEPCION ,OLEINA PROCESO ,381,389,0,VACIO,50,118.8475134,106.96276206,0.9,,,2020-04-23
TK150 ,OLEINA DESPACHO ,915,490,1500,912,,188.57454,167.8313406,0.89,2003.4940218000002,,2020-04-23
TK EMPAQUE  ,OLEINA ,306,249,200,306,70,48.6955854,43.339071006,0.89,200,,2020-04-23
CRISTA 1,,300,270,1200,VACIO,60,57.25566,51.530094,0.9,,,2020-04-23
CRISTA 2,,459,194,200,VACIO,,29.56,26.604,0.9,,,2020-04-23
TOLVA 1,,190,205,200,VACIO,70,33.006434999999996,26.405147999999997,0.8,,,2020-04-23
TOLVA 2,,152,271,300,VACIO,70,57.6805614,46.144449120000004,0.8,,,2020-04-23
TK1,ESTEARINA  DE PALMA  RBD,610,381,250,373,55,114.0094494,102.60850445999999,0.9,24568.215557019998,,2020-04-23
TK2,INTERESTERIFICADO ,610,381,250,407,55,114.0094494,102.60850445999999,0.9,21079.52640538,,2020-04-23
TK3,PALMISTE RBD,610,381,250,580,55,114.0094494,98.048126484,0.86,3191.4437945199998,,2020-04-23
TK4,GRASA DURA ,610,381,250,VACIO,55,114.0094494,102.60850445999999,0.9,,,2020-04-23
TK5,PALMA RBD,610,381,250,82,55,114.0094494,102.60850445999999,0.9,54427.290354879995,,2020-04-23
TK 800,PALMA RBD,1224,968,5000,183,,735.9386496,662.34478464,0.9,694500.92081024,,2020-04-23
TK 500,PALMA RBD,733,960,3500,34,20,723.82464,651.442176,0.9,458858.081024,,2020-04-23
TK 60,ACIDOS GRASOS DE PALMA,610,381,250,289,50,114.0094494,102.31633039185253,0.8974372820000001,33093.54205578466,,2020-04-23
N1,ACEITE DE PALMA CRUDO (CPO),458,298,250,307,100,69.7466616,63.469462056,0.91,9833.888770456,,2020-04-23
N2,ACEITE DE PALMA BLANQUEADO (BPO),458,298,250,VACIO,60,69.7466616,63.469462056,0.91,,,2020-04-23
TK 370,PALMISTE CRUDO ,839,771,3891,VACIO,60,466.8739614,415.517825646,0.89,,,2020-04-23
CRISTA 1,PALMA RBD,671,292,2200,0,50,66.9663456,60.0688120032,0.897,42506.172854147204,,2020-04-23
CRISTA 2,PALMA RBD,671,292,2200,0,50,66.9663456,60.0688120032,0.897,42506.172854147204,,2020-04-23
TOLVA ,ESTEARINA DE PALMA RBD,152,430,500,VACIO,50,145.22046,130.698414,0.9,,,2020-04-23
OLEINA LAVADO,OLEINA LAVADO ,304,160,200,5,50,20.106240000000003,17.894553600000002,0.89,5550.471526400001,,2020-04-23
TK40 RECEPCION ,OLEINA PROCESO ,381,389,0,VACIO,50,118.8475134,106.96276206,0.9,,,2020-04-23
TK150 ,OLEINA DESPACHO ,915,490,1500,912,,188.57454,167.8313406,0.89,2003.4940218000002,,2020-04-23
TK EMPAQUE  ,OLEINA ,306,249,200,306,70,48.6955854,43.339071006,0.89,200,,2020-04-23
CRISTA 1,,300,270,1200,VACIO,60,57.25566,51.530094,0.9,,,2020-04-23
CRISTA 2,,459,194,200,VACIO,,29.56,26.604,0.9,,,2020-04-23
TOLVA 1,,190,205,200,VACIO,70,33.006434999999996,26.405147999999997,0.8,,,2020-04-23
TOLVA 2,,152,271,300,VACIO,70,57.6805614,46.144449120000004,0.8,,,2020-04-23
TK1,ESTEARINA  DE PALMA  RBD,610,381,250,506,55,114.0094494,102.60850445999999,0.9,10921.284463839998,,2020-04-24
TK2,INTERESTERIFICADO ,610,381,250,415,55,114.0094494,102.60850445999999,0.9,20258.6583697,,2020-04-24
TK3,PALMISTE RBD,610,381,250,377,55,114.0094494,98.048126484,0.86,23095.213470772,,2020-04-24
TK4,GRASA DURA ,610,381,250,VACIO,55,114.0094494,102.60850445999999,0.9,,,2020-04-24
TK5,PALMA RBD,610,381,250,28,55,114.0094494,102.60850445999999,0.9,59968.149595719995,,2020-04-24
TK 800,PALMA RBD,1224,968,5000,186,,735.9386496,662.34478464,0.9,692513.88645632,,2020-04-24
TK 500,PALMA RBD,733,960,3500,7,20,723.82464,651.442176,0.9,476447.019776,,2020-04-24
TK 60,ACIDOS GRASOS DE PALMA,610,381,250,569,50,114.0094494,102.31633039185253,0.8974372820000001,4444.969546065954,,2020-04-24
N1,ACEITE DE PALMA CRUDO (CPO),458,298,250,17,100,69.7466616,63.469462056,0.91,28240.032766696,,2020-04-24
N2,ACEITE DE PALMA BLANQUEADO (BPO),458,298,250,130,60,69.7466616,63.469462056,0.91,21067.983554368,,2020-04-24
TK 370,PALMISTE CRUDO ,839,771,3891,VACIO,60,466.8739614,415.517825646,0.89,,,2020-04-24
CRISTA 1,PALMA RBD,671,292,2200,185,50,66.9663456,60.0688120032,0.897,31393.4426335552,,2020-04-24
CRISTA 2,PALMA RBD,671,292,2200,0,50,66.9663456,60.0688120032,0.897,42506.172854147204,,2020-04-24
TOLVA ,ESTEARINA DE PALMA RBD,152,430,500,VACIO,50,145.22046,130.698414,0.9,,,2020-04-24
OLEINA LAVADO,OLEINA LAVADO ,304,160,200,VACIO,50,20.106240000000003,17.894553600000002,0.89,,,2020-04-24
TK40 RECEPCION ,OLEINA PROCESO ,381,389,0,VACIO,50,118.8475134,106.96276206,0.9,,,2020-04-24
TK150 ,OLEINA DESPACHO ,915,490,1500,802,,188.57454,167.8313406,0.89,20464.9414878,,2020-04-24
TK EMPAQUE  ,OLEINA ,306,249,200,306,70,48.6955854,43.339071006,0.89,200,,2020-04-24
CRISTA 1,,300,270,1200,VACIO,60,57.25566,51.530094,0.9,,,2020-04-24
CRISTA 2,,459,194,200,VACIO,,29.56,26.604,0.9,,,2020-04-24
TOLVA 1,,190,205,200,VACIO,70,33.006434999999996,26.405147999999997,0.8,,,2020-04-24
TOLVA 2,,152,271,300,VACIO,70,57.6805614,46.144449120000004,0.8,,,2020-04-24
TK1,ESTEARINA  DE PALMA  RBD,610,381,250,566,55,114.0094494,102.60850445999999,0.9,4764.77419624,,2020-04-25
TK2,INTERESTERIFICADO ,610,381,250,427,55,114.0094494,102.60850445999999,0.9,19027.356316179998,,2020-04-25
TK3,PALMISTE RBD,610,381,250,560,55,114.0094494,98.048126484,0.86,5152.406324199999,,2020-04-25
TK4,GRASA DURA ,610,381,250,VACIO,55,114.0094494,102.60850445999999,0.9,,,2020-04-25
TK5,PALMA RBD,610,381,250,209,55,114.0094494,102.60850445999999,0.9,41396.01028846,,2020-04-25
TK 800,PALMA RBD,1224,968,5000,174,,735.9386496,662.34478464,0.9,700462.0238719999,,2020-04-25
TK 500,PALMA RBD,733,960,3500,7,20,723.82464,651.442176,0.9,476447.019776,,2020-04-25
TK 60,ACIDOS GRASOS DE PALMA,610,381,250,528,50,114.0094494,102.31633039185253,0.8974372820000001,8639.939092131908,,2020-04-25
N1,ACEITE DE PALMA CRUDO (CPO),458,298,250,250,100,69.7466616,63.469462056,0.91,13451.648107648,,2020-04-25
N2,ACEITE DE PALMA BLANQUEADO (BPO),458,298,250,150,60,69.7466616,63.469462056,0.91,19798.594313248,,2020-04-25
TK 370,PALMISTE CRUDO ,839,771,3891,VACIO,60,466.8739614,415.517825646,0.89,,,2020-04-25
CRISTA 1,PALMA RBD,671,292,2200,8,50,66.9663456,60.0688120032,0.897,42025.6223581216,,2020-04-25
CRISTA 2,PALMA RBD,671,292,2200,24,50,66.9663456,60.0688120032,0.897,41064.5213660704,,2020-04-25
TOLVA ,ESTEARINA DE PALMA RBD,152,430,500,VACIO,50,145.22046,130.698414,0.9,,,2020-04-25
OLEINA LAVADO,OLEINA LAVADO ,304,160,200,VACIO,50,20.106240000000003,17.894553600000002,0.89,,,2020-04-25
TK40 RECEPCION ,OLEINA PROCESO ,381,389,0,VACIO,50,118.8475134,106.96276206,0.9,,,2020-04-25
TK150 ,OLEINA DESPACHO ,915,490,1500,685,,188.57454,167.8313406,0.89,40101.208338000004,,2020-04-25
TK EMPAQUE  ,OLEINA ,306,249,200,306,70,48.6955854,43.339071006,0.89,200,,2020-04-25
CRISTA 1,,300,270,1200,VACIO,60,57.25566,51.530094,0.9,,,2020-04-25
CRISTA 2,,459,194,200,VACIO,,29.56,26.604,0.9,,,2020-04-25
TOLVA 1,,190,205,200,VACIO,70,33.006434999999996,26.405147999999997,0.8,,,2020-04-25
TOLVA 2,,152,271,300,VACIO,70,57.6805614,46.144449120000004,0.8,,,2020-04-25
TK1,ESTEARINA  DE PALMA  RBD,610,381,250,440,55,114.0094494,102.60850445999999,0.9,17693.4457582,,2020-04-27
TK2,INTERESTERIFICADO ,610,381,250,470,55,114.0094494,102.60850445999999,0.9,14615.190624399998,,2020-04-27
TK3,PALMISTE RBD,610,381,250,577,55,114.0094494,98.048126484,0.86,3485.588173972,,2020-04-27
TK4,GRASA DURA ,610,381,250,524,55,114.0094494,102.60850445999999,0.9,9074.33138356,,2020-04-27
TK5,PALMA RBD,610,381,250,75,55,114.0094494,102.60850445999999,0.9,55145.549886099994,,2020-04-27
TK 800,PALMA RBD,1224,968,5000,20,,735.9386496,662.34478464,0.9,802463.12070656,,2020-04-27
TK 500,PALMA RBD,733,960,3500,120,20,723.82464,651.442176,0.9,402834.053888,,2020-04-27
TK 60,ACIDOS GRASOS DE PALMA,610,381,250,440,50,114.0094494,102.31633039185253,0.8974372820000001,17643.77616661493,,2020-04-27
N1,ACEITE DE PALMA CRUDO (CPO),458,298,250,20,100,69.7466616,63.469462056,0.91,28049.624380528,,2020-04-27
N2,ACEITE DE PALMA BLANQUEADO (BPO),458,298,250,210,60,69.7466616,63.469462056,0.91,15990.426589888,,2020-04-27
TK 370,PALMISTE CRUDO ,839,771,3891,VACIO,60,466.8739614,415.517825646,0.89,,,2020-04-27
CRISTA 1,PALMA RBD,671,292,2200,32,50,66.9663456,60.0688120032,0.897,40583.9708700448,,2020-04-27
CRISTA 2,PALMA RBD,671,292,2200,540,50,66.9663456,60.0688120032,0.897,10069.0143724192,,2020-04-27
TOLVA ,ESTEARINA DE PALMA RBD,152,430,500,110,50,145.22046,130.698414,0.9,5989.333388000001,,2020-04-27
OLEINA LAVADO,OLEINA LAVADO ,304,160,200,VACIO,50,20.106240000000003,17.894553600000002,0.89,,,2020-04-27
TK40 RECEPCION ,OLEINA PROCESO ,381,389,0,254,50,118.8475134,106.96276206,0.9,13584.27078162,,2020-04-27
TK150 ,OLEINA DESPACHO ,915,490,1500,790,,188.57454,167.8313406,0.89,22478.917575,,2020-04-27
TK EMPAQUE  ,OLEINA ,306,249,200,306,70,48.6955854,43.339071006,0.89,200,,2020-04-27
CRISTA 1,,300,270,1200,VACIO,60,57.25566,51.530094,0.9,,,2020-04-27
CRISTA 2,,459,194,200,VACIO,,29.56,26.604,0.9,,,2020-04-27
TOLVA 1,,190,205,200,VACIO,70,33.006434999999996,26.405147999999997,0.8,,,2020-04-27
TOLVA 2,,152,271,300,VACIO,70,57.6805614,46.144449120000004,0.8,,,2020-04-27
TK1,ESTEARINA  DE PALMA  RBD,610,381,250,420,55,114.0094494,102.60850445999999,0.9,19745.615847399997,,2020-04-28
TK2,INTERESTERIFICADO ,610,381,250,486,55,114.0094494,102.60850445999999,0.9,12973.45455304,,2020-04-28
TK3,PALMISTE RBD,610,381,250,580,55,114.0094494,98.048126484,0.86,3191.4437945199998,,2020-04-28
TK4,GRASA DURA ,610,381,250,539,55,114.0094494,102.60850445999999,0.9,7535.20381666,,2020-04-28
TK5,PALMA RBD,610,381,250,237,55,114.0094494,102.60850445999999,0.9,38522.972163579994,,2020-04-28
TK 800,PALMA RBD,1224,968,5000,104,,735.9386496,662.34478464,0.9,746826.1587968,,2020-04-28
TK 500,PALMA RBD,733,960,3500,52,20,723.82464,651.442176,0.9,447132.121856,,2020-04-28
TK 60,ACIDOS GRASOS DE PALMA,610,381,250,398,50,114.0094494,102.31633039185253,0.8974372820000001,21941.062043072736,,2020-04-28
N1,ACEITE DE PALMA CRUDO (CPO),458,298,250,19,100,69.7466616,63.469462056,0.91,28113.093842584,,2020-04-28
N2,ACEITE DE PALMA BLANQUEADO (BPO),458,298,250,220,60,69.7466616,63.469462056,0.91,15355.731969327999,,2020-04-28
TK 370,PALMISTE CRUDO ,839,771,3891,VACIO,60,466.8739614,415.517825646,0.89,,,2020-04-28
CRISTA 1,PALMA RBD,671,292,2200,28,50,66.9663456,60.0688120032,0.897,40824.2461180576,,2020-04-28
CRISTA 2,PALMA RBD,671,292,2200,10,50,66.9663456,60.0688120032,0.897,41905.4847341152,,2020-04-28
TOLVA ,ESTEARINA DE PALMA RBD,152,430,500,120,50,145.22046,130.698414,0.9,4682.349248,,2020-04-28
OLEINA LAVADO,OLEINA LAVADO ,304,160,200,VACIO,50,20.106240000000003,17.894553600000002,0.89,,,2020-04-28
TK40 RECEPCION ,OLEINA PROCESO ,381,389,0,239,50,118.8475134,106.96276206,0.9,15188.71221252,,2020-04-28
TK150 ,OLEINA DESPACHO ,915,490,1500,701,,188.57454,167.8313406,0.89,37415.9068884,,2020-04-28
TK EMPAQUE  ,OLEINA ,306,249,200,306,70,48.6955854,43.339071006,0.89,200,,2020-04-28
CRISTA 1,,300,270,1200,185,60,57.25566,51.530094,0.9,7125.96081,,2020-04-28
CRISTA 2,,459,194,200,VACIO,,29.56,26.604,0.9,,,2020-04-28
TOLVA 1,,190,205,200,VACIO,70,33.006434999999996,26.405147999999997,0.8,,,2020-04-28
TOLVA 2,,152,271,300,VACIO,70,57.6805614,46.144449120000004,0.8,,,2020-04-28
TK1,ESTEARINA  DE PALMA  RBD,610,381,250,424,55,114.0094494,102.60850445999999,0.9,19335.18182956,,2020-04-29
TK2,INTERESTERIFICADO ,610,381,250,507,55,114.0094494,102.60850445999999,0.9,10818.67595938,,2020-04-29
TK3,PALMISTE RBD,610,381,250,595,55,114.0094494,98.048126484,0.86,1720.7218972599999,,2020-04-29
TK4,GRASA DURA ,610,381,250,493,55,114.0094494,102.60850445999999,0.9,12255.195021819998,,2020-04-29
TK5,PALMA RBD,610,381,250,370,55,114.0094494,102.60850445999999,0.9,24876.0410704,,2020-04-29
TK 800,PALMA RBD,1224,968,5000,12,,735.9386496,662.34478464,0.9,807761.8789836799,,2020-04-29
TK 500,PALMA RBD,733,960,3500,8,20,723.82464,651.442176,0.9,475795.5776,,2020-04-29
TK 60,ACIDOS GRASOS DE PALMA,610,381,250,345,50,114.0094494,102.31633039185253,0.8974372820000001,27363.82755384092,,2020-04-29
N1,ACEITE DE PALMA CRUDO (CPO),458,298,250,-,100,69.7466616,63.469462056,0.91,,,2020-04-29
N2,ACEITE DE PALMA BLANQUEADO (BPO),458,298,250,100,60,69.7466616,63.469462056,0.91,22972.067416047998,,2020-04-29
TK 370,PALMISTE CRUDO ,839,771,3891,VACIO,60,466.8739614,415.517825646,0.89,,,2020-04-29
CRISTA 1,PALMA RBD,671,292,2200,486,50,66.9663456,60.0688120032,0.897,13312.730220592,,2020-04-29
CRISTA 2,PALMA RBD,671,292,2200,-,50,66.9663456,60.0688120032,0.897,,,2020-04-29
TOLVA ,ESTEARINA DE PALMA RBD,152,430,500,100,50,145.22046,130.698414,0.9,7296.3175280000005,,2020-04-29
OLEINA LAVADO,OLEINA LAVADO ,304,160,200,VACIO,50,20.106240000000003,17.894553600000002,0.89,,,2020-04-29
TK40 RECEPCION ,OLEINA PROCESO ,381,389,0,170,50,118.8475134,106.96276206,0.9,22569.14279466,,2020-04-29
TK150 ,OLEINA DESPACHO ,915,490,1500,721,,188.57454,167.8313406,0.89,34059.2800764,,2020-04-29
TK EMPAQUE  ,OLEINA ,306,249,200,306,70,48.6955854,43.339071006,0.89,200,,2020-04-29
CRISTA 1,,300,270,1200,121,60,57.25566,51.530094,0.9,10423.886826,,2020-04-29
CRISTA 2,,459,194,200,178,,29.56,26.604,0.9,7675.724,,2020-04-29
TOLVA 1,,190,205,200,VACIO,70,33.006434999999996,26.405147999999997,0.8,,,2020-04-29
TOLVA 2,,152,271,300,VACIO,70,57.6805614,46.144449120000004,0.8,,,2020-04-29
TK1,ESTEARINA  DE PALMA  RBD,610,381,250,350,55,114.0094494,102.60850445999999,0.9,26928.2111596,,2020-04-30
TK2,INTERESTERIFICADO ,610,381,250,526,55,114.0094494,102.60850445999999,0.9,8869.11437464,,2020-04-30
TK3,PALMISTE RBD,610,381,250,610,55,114.0094494,98.048126484,0.86,250,,2020-04-30
TK4,GRASA DURA ,610,381,250,507,55,114.0094494,102.60850445999999,0.9,10818.67595938,,2020-04-30
TK5,PALMA RBD,610,381,250,62,55,114.0094494,102.60850445999999,0.9,56479.460444079996,,2020-04-30
TK 800,PALMA RBD,1224,968,5000,8,,735.9386496,662.34478464,0.9,810411.25812224,,2020-04-30
TK 500,PALMA RBD,733,960,3500,70,20,723.82464,651.442176,0.9,435406.162688,,2020-04-30
TK 60,ACIDOS GRASOS DE PALMA,610,381,250,304,50,114.0094494,102.31633039185253,0.8974372820000001,31558.797099906875,,2020-04-30
N1,ACEITE DE PALMA CRUDO (CPO),458,298,250,20,100,69.7466616,63.469462056,0.91,28049.624380528,,2020-04-30
N2,ACEITE DE PALMA BLANQUEADO (BPO),458,298,250,210,60,69.7466616,63.469462056,0.91,15990.426589888,,2020-04-30
TK 370,PALMISTE CRUDO ,839,771,3891,836,60,466.8739614,415.517825646,0.89,5137.553476938,,2020-04-30
CRISTA 1,PALMA RBD,671,292,2200,329,50,66.9663456,60.0688120032,0.897,22743.5337050944,,2020-04-30
CRISTA 2,PALMA RBD,671,292,2200,26,50,66.9663456,60.0688120032,0.897,40944.383742064,,2020-04-30
TOLVA ,ESTEARINA DE PALMA RBD,152,430,500,118,50,145.22046,130.698414,0.9,4943.746076,,2020-04-30
OLEINA LAVADO,OLEINA LAVADO ,304,160,200,VACIO,50,20.106240000000003,17.894553600000002,0.89,,,2020-04-30
TK40 RECEPCION ,OLEINA PROCESO ,381,389,0,263,50,118.8475134,106.96276206,0.9,12621.60592308,,2020-04-30
TK150 ,OLEINA DESPACHO ,915,490,1500,765,,188.57454,167.8313406,0.89,26674.701090000002,,2020-04-30
TK EMPAQUE  ,OLEINA ,306,249,200,-,70,48.6955854,43.339071006,0.89,,,2020-04-30
CRISTA 1,,300,270,1200,132,60,57.25566,51.530094,0.9,9857.055792,,2020-04-30
CRISTA 2,,459,194,200,77,,29.56,26.604,0.9,10362.728,,2020-04-30
TOLVA 1,,190,205,200,VACIO,70,33.006434999999996,26.405147999999997,0.8,,,2020-04-30
TOLVA 2,,152,271,300,VACIO,70,57.6805614,46.144449120000004,0.8,,,2020-04-30
TK1,ESTEARINA  DE PALMA  RBD,610,381,250,596,55,114.0094494,102.60850445999999,0.9,1686.51906244,,2020-05-01
TK2,INTERESTERIFICADO ,610,381,250,548,55,114.0094494,102.60850445999999,0.9,6611.72727652,,2020-05-01
TK3,PALMISTE RBD,610,381,250,-,55,114.0094494,98.048126484,0.86,,,2020-05-01
TK4,GRASA DURA ,610,381,250,555,55,114.0094494,102.60850445999999,0.9,5893.4677452999995,,2020-05-01
TK5,PALMA RBD,610,381,250,72,55,114.0094494,102.60850445999999,0.9,55453.37539948,,2020-05-01
TK 800,PALMA RBD,1224,968,5000,17,,735.9386496,662.34478464,0.9,804450.1550604799,,2020-05-01
TK 500,PALMA RBD,733,960,3500,10,20,723.82464,651.442176,0.9,474492.693248,,2020-05-01
TK 60,ACIDOS GRASOS DE PALMA,610,381,250,253,50,114.0094494,102.31633039185253,0.8974372820000001,36776.92994989135,,2020-05-01
N1,ACEITE DE PALMA CRUDO (CPO),458,298,250,300,100,69.7466616,63.469462056,0.91,10278.175004847999,,2020-05-01
N2,ACEITE DE PALMA BLANQUEADO (BPO),458,298,250,115,60,69.7466616,63.469462056,0.91,22020.025485208,,2020-05-01
TK 370,PALMISTE CRUDO ,839,771,3891,792,60,466.8739614,415.517825646,0.89,23420.337805362,,2020-05-01
CRISTA 1,PALMA RBD,671,292,2200,34,50,66.9663456,60.0688120032,0.897,40463.833246038404,,2020-05-01
CRISTA 2,PALMA RBD,671,292,2200,429,50,66.9663456,60.0688120032,0.897,16736.6525047744,,2020-05-01
TOLVA ,ESTEARINA DE PALMA RBD,152,430,500,103,50,145.22046,130.698414,0.9,6904.222286000001,,2020-05-01
OLEINA LAVADO,OLEINA LAVADO ,304,160,200,5,50,20.106240000000003,17.894553600000002,0.89,5550.471526400001,,2020-05-01
TK40 RECEPCION ,OLEINA PROCESO ,381,389,0,160,50,118.8475134,106.96276206,0.9,23638.77041526,,2020-05-01
TK150 ,OLEINA DESPACHO ,915,490,1500,650,,188.57454,167.8313406,0.89,45975.305259,,2020-05-01
TK EMPAQUE  ,OLEINA ,306,249,200,244,70,48.6955854,43.339071006,0.89,2887.0224023719998,,2020-05-01
OLEINA ENVASADA,OLEINA ENVASADA,,,,,,,0,,13650,,2020-05-01
CRISTA 1,,300,270,1200,132,60,57.25566,51.530094,0.9,9857.055792,,2020-05-01
CRISTA 2,,459,194,200,77,,29.56,26.604,0.9,10362.728,,2020-05-01
TOLVA 1,,190,205,200,VACIO,70,33.006434999999996,26.405147999999997,0.8,,,2020-05-01
TOLVA 2,,152,271,300,VACIO,70,57.6805614,46.144449120000004,0.8,,,2020-05-01
TK1,ESTEARINA  DE PALMA  RBD,610,381,250,440,55,114.0094494,102.60850445999999,0.9,17693.4457582,,2020-05-02
TK2,INTERESTERIFICADO ,610,381,250,548,55,114.0094494,102.60850445999999,0.9,6611.72727652,,2020-05-02
TK3,PALMISTE RBD,610,381,250,-,55,114.0094494,98.048126484,0.86,,,2020-05-02
TK4,GRASA DURA ,610,381,250,590,55,114.0094494,102.60850445999999,0.9,2302.1700892,,2020-05-02
TK5,PALMA RBD,610,381,250,0,55,114.0094494,102.60850445999999,0.9,62841.18772059999,,2020-05-02
TK 800,PALMA RBD,1224,968,5000,62,,735.9386496,662.34478464,0.9,774644.63975168,,2020-05-02
TK 500,PALMA RBD,733,960,3500,12,20,723.82464,651.442176,0.9,473189.80889600003,,2020-05-02
TK 60,ACIDOS GRASOS DE PALMA,610,381,250,228,50,114.0094494,102.31633039185253,0.8974372820000001,39334.83820968767,,2020-05-02
N1,ACEITE DE PALMA CRUDO (CPO),458,298,250,21,100,69.7466616,63.469462056,0.91,27986.154918472,,2020-05-02
N2,ACEITE DE PALMA BLANQUEADO (BPO),458,298,250,170,60,69.7466616,63.469462056,0.91,18529.205072128,,2020-05-02
TK 370,PALMISTE CRUDO ,839,771,3891,816,60,466.8739614,415.517825646,0.89,13447.909989858,,2020-05-02
CRISTA 1,PALMA RBD,671,292,2200,19,50,66.9663456,60.0688120032,0.897,41364.8654260864,,2020-05-02
CRISTA 2,PALMA RBD,671,292,2200,10,50,66.9663456,60.0688120032,0.897,41905.4847341152,,2020-05-02
TOLVA ,ESTEARINA DE PALMA RBD,152,430,500,152,50,145.22046,130.698414,0.9,500,,2020-05-02
OLEINA LAVADO,OLEINA LAVADO ,304,160,200,5,50,20.106240000000003,17.894553600000002,0.89,5550.471526400001,,2020-05-02
TK40 RECEPCION ,OLEINA PROCESO ,381,389,0,300,50,118.8475134,106.96276206,0.9,8663.98372686,,2020-05-02
TK150 ,OLEINA DESPACHO ,915,490,1500,590,,188.57454,167.8313406,0.89,56045.185695,,2020-05-02
TK EMPAQUE  ,OLEINA ,306,249,200,-,70,48.6955854,43.339071006,0.89,,,2020-05-02
OLEINA ENVASADA,OLEINA ENVASADA,,,,-,,,0,,,,2020-05-02
CRISTA 1,,300,270,1200,10,60,57.25566,51.530094,0.9,16143.72726,,2020-05-02
CRISTA 2,,459,194,200,3,,29.56,26.604,0.9,12331.423999999999,,2020-05-02
TOLVA 1,,190,205,200,VACIO,70,33.006434999999996,26.405147999999997,0.8,,,2020-05-02
TOLVA 2,,152,271,300,VACIO,70,57.6805614,46.144449120000004,0.8,,,2020-05-02
TK1,ESTEARINA  DE PALMA  RBD,610,381,250,361,55,114.0094494,102.60850445999999,0.9,25799.51761054,,2020-05-04
TK2,INTERESTERIFICADO ,610,381,250,579,55,114.0094494,102.60850445999999,0.9,3430.86363826,,2020-05-04
TK3,PALMISTE RBD,610,381,250,279,55,114.0094494,98.048126484,0.86,32703.929866204,,2020-05-04
TK4,GRASA DURA ,610,381,250,523,55,114.0094494,102.60850445999999,0.9,9176.939888019999,,2020-05-04
TK5,PALMA RBD,610,381,250,270,55,114.0094494,102.60850445999999,0.9,35136.8915164,,2020-05-04
TK 800,PALMA RBD,1224,968,5000,63,,735.9386496,662.34478464,0.9,773982.29496704,,2020-05-04
TK 500,PALMA RBD,733,960,3500,9,20,723.82464,651.442176,0.9,475144.13542400004,,2020-05-04
TK 60,ACIDOS GRASOS DE PALMA,610,381,250,502,50,114.0094494,102.31633039185253,0.8974372820000001,11300.163682320073,,2020-05-04
N1,ACEITE DE PALMA CRUDO (CPO),458,298,250,23,100,69.7466616,63.469462056,0.91,27859.215994359998,,2020-05-04
N2,ACEITE DE PALMA BLANQUEADO (BPO),458,298,250,195,60,69.7466616,63.469462056,0.91,16942.468520727998,,2020-05-04
TK 370,PALMISTE CRUDO ,839,771,3891,814,60,466.8739614,415.517825646,0.89,14278.94564115,,2020-05-04
CRISTA 1,PALMA RBD,671,292,2200,284,50,66.9663456,60.0688120032,0.897,25446.6302452384,,2020-05-04
CRISTA 2,PALMA RBD,671,292,2200,13,50,66.9663456,60.0688120032,0.897,41725.2782981056,,2020-05-04
TOLVA ,ESTEARINA DE PALMA RBD,152,430,500,144,50,145.22046,130.698414,0.9,1545.587312,,2020-05-04
OLEINA LAVADO,OLEINA LAVADO ,304,160,200,280,50,20.106240000000003,17.894553600000002,0.89,629.4692864000001,,2020-05-04
TK40 RECEPCION ,OLEINA PROCESO ,381,389,0,172,50,118.8475134,106.96276206,0.9,22355.21727054,,2020-05-04
TK150 ,OLEINA DESPACHO ,915,490,1500,350,,188.57454,167.8313406,0.89,96324.707439,,2020-05-04
TK EMPAQUE  ,OLEINA ,306,249,200,-,70,48.6955854,43.339071006,0.89,,,2020-05-04
OLEINA ENVASADA,OLEINA ENVASADA,,,,-,,,0,,,,2020-05-04
CRISTA 1,,300,270,1200,VACIO,60,57.25566,51.530094,0.9,,,2020-05-04
CRISTA 2,,459,194,200,VACIO,,29.56,26.604,0.9,,,2020-05-04
TOLVA 1,,190,205,200,VACIO,70,33.006434999999996,26.405147999999997,0.8,,,2020-05-04
TOLVA 2,,152,271,300,VACIO,70,57.6805614,46.144449120000004,0.8,,,2020-05-04
TK1,ESTEARINA  DE PALMA  RBD,610,381,250,180,55,114.0094494,102.60850445999999,0.9,44371.6569178,,2020-05-05
TK2,INTERESTERIFICADO ,610,381,250,589,55,114.0094494,102.60850445999999,0.9,2404.77859366,,2020-05-05
TK3,PALMISTE RBD,610,381,250,290,55,114.0094494,98.048126484,0.86,31625.40047488,,2020-05-05
TK4,GRASA DURA ,610,381,250,558,55,114.0094494,102.60850445999999,0.9,5585.642231919999,,2020-05-05
TK5,PALMA RBD,610,381,250,207,55,114.0094494,102.60850445999999,0.9,41601.22729738,,2020-05-05
TK 800,PALMA RBD,1224,968,5000,57,,735.9386496,662.34478464,0.9,777956.3636748799,,2020-05-05
TK 500,PALMA RBD,733,960,3500,40,20,723.82464,651.442176,0.9,454949.427968,,2020-05-05
TK 60,ACIDOS GRASOS DE PALMA,610,381,250,437,50,114.0094494,102.31633039185253,0.8974372820000001,17950.725157790486,,2020-05-05
N1,ACEITE DE PALMA CRUDO (CPO),458,298,250,22,100,69.7466616,63.469462056,0.91,27922.685456416,,2020-05-05
N2,ACEITE DE PALMA BLANQUEADO (BPO),458,298,250,330,60,69.7466616,63.469462056,0.91,8374.091143168,,2020-05-05
TK 370,PALMISTE CRUDO ,839,771,3891,828,60,466.8739614,415.517825646,0.89,8461.696082106,,2020-05-05
CRISTA 1,PALMA RBD,671,292,2200,29,50,66.9663456,60.0688120032,0.897,40764.1773060544,,2020-05-05
CRISTA 2,PALMA RBD,671,292,2200,10,50,66.9663456,60.0688120032,0.897,41905.4847341152,,2020-05-05
TOLVA ,ESTEARINA DE PALMA RBD,152,430,500,152,50,145.22046,130.698414,0.9,500,,2020-05-05
OLEINA LAVADO,OLEINA LAVADO ,304,160,200,250,50,20.106240000000003,17.894553600000002,0.89,1166.3058944,,2020-05-05
TK40 RECEPCION ,OLEINA PROCESO ,381,389,0,82,50,118.8475134,106.96276206,0.9,31981.86585594,,2020-05-05
TK150 ,OLEINA DESPACHO ,915,490,1500,653,,188.57454,167.8313406,0.89,45471.8112372,,2020-05-05
TK EMPAQUE  ,OLEINA ,306,249,200,-,70,48.6955854,43.339071006,0.89,,,2020-05-05
OLEINA ENVASADA,OLEINA ENVASADA,,,,-,,,0,,,,2020-05-05
CRISTA 1,,300,270,1200,VACIO,60,57.25566,51.530094,0.9,,,2020-05-05
CRISTA 2,,459,194,200,VACIO,,29.56,26.604,0.9,,,2020-05-05
TOLVA 1,,190,205,200,VACIO,70,33.006434999999996,26.405147999999997,0.8,,,2020-05-05
TOLVA 2,,152,271,300,VACIO,70,57.6805614,46.144449120000004,0.8,,,2020-05-05
TK1,ESTEARINA  DE PALMA  RBD,610,381,250,442,55,114.0094494,102.60850445999999,0.9,17488.22874928,,2020-05-06
TK2,INTERESTERIFICADO ,610,381,250,354,55,114.0094494,102.60850445999999,0.9,26517.777141759998,,2020-05-06
TK3,PALMISTE RBD,610,381,250,351,55,114.0094494,98.048126484,0.86,25644.464759355997,,2020-05-06
TK4,GRASA DURA ,610,381,250,570,55,114.0094494,102.60850445999999,0.9,4354.3401784,,2020-05-06
TK5,PALMA RBD,610,381,250,297,55,114.0094494,102.60850445999999,0.9,32366.46189598,,2020-05-06
TK 800,PALMA RBD,1224,968,5000,93,,735.9386496,662.34478464,0.9,754111.9514278399,,2020-05-06
TK 500,PALMA RBD,733,960,3500,41,20,723.82464,651.442176,0.9,454297.985792,,2020-05-06
TK 60,ACIDOS GRASOS DE PALMA,610,381,250,392,50,114.0094494,102.31633039185253,0.8974372820000001,22554.96002542385,,2020-05-06
N1,ACEITE DE PALMA CRUDO (CPO),458,298,250,10,100,69.7466616,63.469462056,0.91,28684.319001088,,2020-05-06
N2,ACEITE DE PALMA BLANQUEADO (BPO),458,298,250,370,60,69.7466616,63.469462056,0.91,5835.312660928,,2020-05-06
TK 370,PALMISTE CRUDO ,839,771,3891,794,60,466.8739614,415.517825646,0.89,22589.30215407,,2020-05-06
CRISTA 1,PALMA RBD,671,292,2200,20,50,66.9663456,60.0688120032,0.897,41304.7966140832,,2020-05-06
CRISTA 2,PALMA RBD,671,292,2200,450,50,66.9663456,60.0688120032,0.897,15475.2074527072,,2020-05-06
TOLVA ,ESTEARINA DE PALMA RBD,152,430,500,106,50,145.22046,130.698414,0.9,6512.127044000001,,2020-05-06
OLEINA LAVADO,OLEINA LAVADO ,304,160,200,5,50,20.106240000000003,17.894553600000002,0.89,5550.471526400001,,2020-05-06
TK40 RECEPCION ,OLEINA PROCESO ,381,389,0,13,50,118.8475134,106.96276206,0.9,39362.296438080004,,2020-05-06
TK150 ,OLEINA DESPACHO ,915,490,1500,830,,188.57454,167.8313406,0.89,15765.663951,,2020-05-06
TK EMPAQUE  ,OLEINA ,306,249,200,-,70,48.6955854,43.339071006,0.89,,,2020-05-06
OLEINA ENVASADA,OLEINA ENVASADA,,,,-,,,0,,,,2020-05-06
CRISTA 1,,300,270,1200,VACIO,60,57.25566,51.530094,0.9,,,2020-05-06
CRISTA 2,,459,194,200,VACIO,,29.56,26.604,0.9,,,2020-05-06
TOLVA 1,,190,205,200,VACIO,70,33.006434999999996,26.405147999999997,0.8,,,2020-05-06
TOLVA 2,,152,271,300,VACIO,70,57.6805614,46.144449120000004,0.8,,,2020-05-06
TK1,ESTEARINA  DE PALMA  RBD,610,381,250,220,55,114.0094494,102.60850445999999,0.9,40267.3167394,,2020-05-07
TK2,INTERESTERIFICADO ,610,381,250,362,55,114.0094494,102.60850445999999,0.9,25696.90910608,,2020-05-07
TK3,PALMISTE RBD,610,381,250,360,55,114.0094494,98.048126484,0.86,24762.031621,,2020-05-07
TK4,GRASA DURA ,610,381,250,597,55,114.0094494,102.60850445999999,0.9,1583.9105579799998,,2020-05-07
TK5,PALMA RBD,610,381,250,308,55,114.0094494,102.60850445999999,0.9,31237.76834692,,2020-05-07
TK 800,PALMA RBD,1224,968,5000,57,,735.9386496,662.34478464,0.9,777956.3636748799,,2020-05-07
TK 500,PALMA RBD,733,960,3500,100,20,723.82464,651.442176,0.9,415862.897408,,2020-05-07
TK 60,ACIDOS GRASOS DE PALMA,610,381,250,338,50,114.0094494,102.31633039185253,0.8974372820000001,28080.041866583888,,2020-05-07
N1,ACEITE DE PALMA CRUDO (CPO),458,298,250,-,100,69.7466616,63.469462056,0.91,,,2020-05-07
N2,ACEITE DE PALMA BLANQUEADO (BPO),458,298,250,240,60,69.7466616,63.469462056,0.91,14086.342728208,,2020-05-07
TK 370,PALMISTE CRUDO ,839,771,3891,759,60,466.8739614,415.517825646,0.89,37132.42605168,,2020-05-07
CRISTA 1,PALMA RBD,671,292,2200,7,50,66.9663456,60.0688120032,0.897,42085.6911701248,,2020-05-07
CRISTA 2,PALMA RBD,671,292,2200,27,50,66.9663456,60.0688120032,0.897,40884.3149300608,,2020-05-07
TOLVA ,ESTEARINA DE PALMA RBD,152,430,500,155,50,145.22046,130.698414,0.9,107.90475799999996,,2020-05-07
OLEINA LAVADO,OLEINA LAVADO ,304,160,200,VACIO,50,20.106240000000003,17.894553600000002,0.89,,,2020-05-07
TK40 RECEPCION ,OLEINA PROCESO ,381,389,0,283,50,118.8475134,106.96276206,0.9,10482.35068188,,2020-05-07
TK150 ,OLEINA DESPACHO ,915,490,1500,745,,188.57454,167.8313406,0.89,30031.327902,,2020-05-07
TK EMPAQUE  ,OLEINA ,306,249,200,-,70,48.6955854,43.339071006,0.89,,,2020-05-07
OLEINA ENVASADA,OLEINA ENVASADA,,,,-,,,0,,,,2020-05-07
CRISTA 1,,300,270,1200,VACIO,60,57.25566,51.530094,0.9,,,2020-05-07
CRISTA 2,,459,194,200,VACIO,,29.56,26.604,0.9,,,2020-05-07
TOLVA 1,,190,205,200,VACIO,70,33.006434999999996,26.405147999999997,0.8,,,2020-05-07
TOLVA 2,,152,271,300,VACIO,70,57.6805614,46.144449120000004,0.8,,,2020-05-07
TK1,ESTEARINA  DE PALMA  RBD,610,381,250,259,55,114.0094494,102.60850445999999,0.9,36265.58506546,,2020-05-08
TK2,INTERESTERIFICADO ,610,381,250,371,55,114.0094494,102.60850445999999,0.9,24773.43256594,,2020-05-08
TK3,PALMISTE RBD,610,381,250,368,55,114.0094494,98.048126484,0.86,23977.646609127998,,2020-05-08
TK4,GRASA DURA ,610,381,250,481,55,114.0094494,102.60850445999999,0.9,13486.49707534,,2020-05-08
TK5,PALMA RBD,610,381,250,386,55,114.0094494,102.60850445999999,0.9,23234.30499904,,2020-05-08
TK 800,PALMA RBD,1224,968,5000,44,,735.9386496,662.34478464,0.9,786566.8458751999,,2020-05-08
TK 500,PALMA RBD,733,960,3500,171,20,723.82464,651.442176,0.9,369610.502912,,2020-05-08
TK 60,ACIDOS GRASOS DE PALMA,610,381,250,292,50,114.0094494,102.31633039185253,0.8974372820000001,32786.5930646091,,2020-05-08
N1,ACEITE DE PALMA CRUDO (CPO),458,298,250,10,100,69.7466616,63.469462056,0.91,28684.319001088,,2020-05-08
N2,ACEITE DE PALMA BLANQUEADO (BPO),458,298,250,150,60,69.7466616,63.469462056,0.91,19798.594313248,,2020-05-08
TK 370,PALMISTE CRUDO ,839,771,3891,814,60,466.8739614,415.517825646,0.89,14278.94564115,,2020-05-08
CRISTA 1,PALMA RBD,671,292,2200,652,50,66.9663456,60.0688120032,0.897,3341.3074280608,,2020-05-08
CRISTA 2,PALMA RBD,671,292,2200,26,50,66.9663456,60.0688120032,0.897,40944.383742064,,2020-05-08
TOLVA ,ESTEARINA DE PALMA RBD,152,430,500,115,50,145.22046,130.698414,0.9,5335.841318000001,,2020-05-08
OLEINA LAVADO,OLEINA LAVADO ,304,160,200,5,50,20.106240000000003,17.894553600000002,0.89,5550.471526400001,,2020-05-08
TK40 RECEPCION ,OLEINA PROCESO ,381,389,0,199,50,118.8475134,106.96276206,0.9,19467.22269492,,2020-05-08
TK150 ,OLEINA DESPACHO ,915,490,1500,770,,188.57454,167.8313406,0.89,25835.544387,,2020-05-08
TK EMPAQUE  ,OLEINA ,306,249,200,-,70,48.6955854,43.339071006,0.89,,,2020-05-08
OLEINA ENVASADA,OLEINA ENVASADA,,,,-,,,0,,,,2020-05-08
CRISTA 1,,300,270,1200,VACIO,60,57.25566,51.530094,0.9,,,2020-05-08
CRISTA 2,,459,194,200,VACIO,,29.56,26.604,0.9,,,2020-05-08
TOLVA 1,,190,205,200,VACIO,70,33.006434999999996,26.405147999999997,0.8,,,2020-05-08
TOLVA 2,,152,271,300,VACIO,70,57.6805614,46.144449120000004,0.8,,,2020-05-08
TK1,ESTEARINA  DE PALMA  RBD,610,381,250,95,55,114.0094494,102.60850445999999,0.9,53093.37979689999,,2020-05-09
TK2,INTERESTERIFICADO ,610,381,250,373,55,114.0094494,102.60850445999999,0.9,24568.215557019998,,2020-05-09
TK3,PALMISTE RBD,610,381,250,379,55,114.0094494,98.048126484,0.86,22899.117217804,,2020-05-09
TK4,GRASA DURA ,610,381,250,494,55,114.0094494,102.60850445999999,0.9,12152.58651736,,2020-05-09
TK5,PALMA RBD,610,381,250,234,55,114.0094494,102.60850445999999,0.9,38830.79767696,,2020-05-09
TK 800,PALMA RBD,1224,968,5000,30,,735.9386496,662.34478464,0.9,795839.6728601599,,2020-05-09
TK 500,PALMA RBD,733,960,3500,222,20,723.82464,651.442176,0.9,336386.951936,,2020-05-09
TK 60,ACIDOS GRASOS DE PALMA,610,381,250,583,50,114.0094494,102.31633039185253,0.8974372820000001,3012.5409205800183,,2020-05-09
N1,ACEITE DE PALMA CRUDO (CPO),458,298,250,20,100,69.7466616,63.469462056,0.91,28049.624380528,,2020-05-09
N2,ACEITE DE PALMA BLANQUEADO (BPO),458,298,250,210,60,69.7466616,63.469462056,0.91,15990.426589888,,2020-05-09
TK 370,PALMISTE CRUDO ,839,771,3891,781,60,466.8739614,415.517825646,0.89,27991.033887468002,,2020-05-09
CRISTA 1,PALMA RBD,671,292,2200,461,50,66.9663456,60.0688120032,0.897,14814.450520672,,2020-05-09
CRISTA 2,PALMA RBD,671,292,2200,12,50,66.9663456,60.0688120032,0.897,41785.3471101088,,2020-05-09
TOLVA ,ESTEARINA DE PALMA RBD,152,430,500,101,50,145.22046,130.698414,0.9,7165.619114000001,,2020-05-09
OLEINA LAVADO,OLEINA LAVADO ,304,160,200,150,50,20.106240000000003,17.894553600000002,0.89,2955.7612544000003,,2020-05-09
TK40 RECEPCION ,OLEINA PROCESO ,381,389,0,359,50,118.8475134,106.96276206,0.9,2353.18076532,,2020-05-09
TK150 ,OLEINA DESPACHO ,915,490,1500,655,,188.57454,167.8313406,0.89,45136.148556,,2020-05-09
TK EMPAQUE  ,OLEINA ,306,249,200,-,70,48.6955854,43.339071006,0.89,,,2020-05-09
OLEINA ENVASADA,OLEINA ENVASADA,,,,-,,,0,,,,2020-05-09
CRISTA 1,,300,270,1200,VACIO,60,57.25566,51.530094,0.9,,,2020-05-09
CRISTA 2,,459,194,200,VACIO,,29.56,26.604,0.9,,,2020-05-09
TOLVA 1,,190,205,200,VACIO,70,33.006434999999996,26.405147999999997,0.8,,,2020-05-09
TOLVA 2,,152,271,300,VACIO,70,57.6805614,46.144449120000004,0.8,,,2020-05-09
TK1,ESTEARINA  DE PALMA  RBD,610,381,250,348,55,114.0094494,102.60850445999999,0.9,27133.428168519997,,2020-05-11
TK2,INTERESTERIFICADO ,610,381,250,376,55,114.0094494,102.60850445999999,0.9,24260.390043639996,,2020-05-11
TK3,PALMISTE RBD,610,381,250,547,55,114.0094494,98.048126484,0.86,6427.031968492,,2020-05-11
TK4,GRASA DURA ,610,381,250,306,55,114.0094494,102.60850445999999,0.9,31442.98535584,,2020-05-11
TK5,PALMA RBD,610,381,250,207,55,114.0094494,102.60850445999999,0.9,41601.22729738,,2020-05-11
TK 800,PALMA RBD,1224,968,5000,93,,735.9386496,662.34478464,0.9,754111.9514278399,,2020-05-11
TK 500,PALMA RBD,733,960,3500,171,20,723.82464,651.442176,0.9,369610.502912,,2020-05-11
TK 60,ACIDOS GRASOS DE PALMA,610,381,250,486,50,114.0094494,102.31633039185253,0.8974372820000001,12937.224968589713,,2020-05-11
N1,ACEITE DE PALMA CRUDO (CPO),458,298,250,15,100,69.7466616,63.469462056,0.91,28366.971690807997,,2020-05-11
N2,ACEITE DE PALMA BLANQUEADO (BPO),458,298,250,vacio,60,69.7466616,63.469462056,0.91,,,2020-05-11
TK 370,PALMISTE CRUDO ,839,771,3891,808,60,466.8739614,415.517825646,0.89,16772.052595025998,,2020-05-11
CRISTA 1,PALMA RBD,671,292,2200,28,50,66.9663456,60.0688120032,0.897,40824.2461180576,,2020-05-11
CRISTA 2,PALMA RBD,671,292,2200,524,50,66.9663456,60.0688120032,0.897,11030.1153644704,,2020-05-11
TOLVA ,ESTEARINA DE PALMA RBD,152,430,500,152,50,145.22046,130.698414,0.9,500,,2020-05-11
OLEINA LAVADO,OLEINA LAVADO ,304,160,200,150,50,20.106240000000003,17.894553600000002,0.89,2955.7612544000003,,2020-05-11
TK40 RECEPCION ,OLEINA PROCESO ,381,389,0,307,50,118.8475134,106.96276206,0.9,7915.24439244,,2020-05-11
TK150 ,OLEINA DESPACHO ,915,490,1500,526,,188.57454,167.8313406,0.89,66786.3914934,,2020-05-11
TK EMPAQUE  ,OLEINA ,306,249,200,-,70,48.6955854,43.339071006,0.89,,,2020-05-11
OLEINA ENVASADA,OLEINA ENVASADA,,,,-,,,0,,,,2020-05-11
CRISTA 1,,300,270,1200,VACIO,60,57.25566,51.530094,0.9,,,2020-05-11
CRISTA 2,,459,194,200,VACIO,,29.56,26.604,0.9,,,2020-05-11
TOLVA 1,,190,205,200,VACIO,70,33.006434999999996,26.405147999999997,0.8,,,2020-05-11
TOLVA 2,,152,271,300,VACIO,70,57.6805614,46.144449120000004,0.8,,,2020-05-11
TK1,ESTEARINA  DE PALMA  RBD,610,381,250,506,55,114.0094494,102.60850445999999,0.9,10921.284463839998,,2020-05-12
TK2,INTERESTERIFICADO ,610,381,250,377,55,114.0094494,102.60850445999999,0.9,24157.78153918,,2020-05-12
TK3,PALMISTE RBD,610,381,250,547,55,114.0094494,98.048126484,0.86,6427.031968492,,2020-05-12
TK4,GRASA DURA ,610,381,250,320,55,114.0094494,102.60850445999999,0.9,30006.466293399997,,2020-05-12
TK5,PALMA RBD,610,381,250,356,55,114.0094494,102.60850445999999,0.9,26312.560132839997,,2020-05-12
TK 800,PALMA RBD,1224,968,5000,201,,735.9386496,662.34478464,0.9,682578.7146867199,,2020-05-12
TK 500,PALMA RBD,733,960,3500,130,20,723.82464,651.442176,0.9,396319.632128,,2020-05-12
TK 60,ACIDOS GRASOS DE PALMA,610,381,250,464,50,114.0094494,102.31633039185253,0.8974372820000001,15188.18423721047,,2020-05-12
N1,ACEITE DE PALMA CRUDO (CPO),458,298,250,320,100,69.7466616,63.469462056,0.91,9008.785763728,,2020-05-12
N2,ACEITE DE PALMA BLANQUEADO (BPO),458,298,250,365,60,69.7466616,63.469462056,0.91,6152.659971208,,2020-05-12
TK 370,PALMISTE CRUDO ,839,771,3891,780.5,60,466.8739614,415.517825646,0.89,28198.792800291,,2020-05-12
CRISTA 1,PALMA RBD,671,292,2200,20,50,66.9663456,60.0688120032,0.897,41304.7966140832,,2020-05-12
CRISTA 2,PALMA RBD,671,292,2200,481,50,66.9663456,60.0688120032,0.897,13613.074280608,,2020-05-12
TOLVA ,ESTEARINA DE PALMA RBD,152,430,500,152,50,145.22046,130.698414,0.9,500,,2020-05-12
OLEINA LAVADO,OLEINA LAVADO ,304,160,200,150,50,20.106240000000003,17.894553600000002,0.89,2955.7612544000003,,2020-05-12
TK40 RECEPCION ,OLEINA PROCESO ,381,389,0,232,50,118.8475134,106.96276206,0.9,15937.451546940001,,2020-05-12
TK150 ,OLEINA DESPACHO ,915,490,1500,506,,188.57454,167.8313406,0.89,70143.01830540001,,2020-05-12
TK EMPAQUE  ,OLEINA ,306,249,200,-,70,48.6955854,43.339071006,0.89,,,2020-05-12
OLEINA ENVASADA,OLEINA ENVASADA,,,,-,,,0,,,,2020-05-12
CRISTA 1,,300,270,1200,VACIO,60,57.25566,51.530094,0.9,,,2020-05-12
CRISTA 2,,459,194,200,VACIO,,29.56,26.604,0.9,,,2020-05-12
TOLVA 1,,190,205,200,VACIO,70,33.006434999999996,26.405147999999997,0.8,,,2020-05-12
TOLVA 2,,152,271,300,VACIO,70,57.6805614,46.144449120000004,0.8,,,2020-05-12
TK1,ESTEARINA  DE PALMA  RBD,610,381,250,322,55,114.0094494,102.60850445999999,0.9,29801.249284479996,,2020-05-13
TK2,INTERESTERIFICADO ,610,381,250,390,55,114.0094494,102.60850445999999,0.9,22823.870981199998,,2020-05-13
TK3,PALMISTE RBD,610,381,250,550,55,114.0094494,98.048126484,0.86,6132.8875890399995,,2020-05-13
TK4,GRASA DURA ,610,381,250,338,55,114.0094494,102.60850445999999,0.9,28159.513213119997,,2020-05-13
TK5,PALMA RBD,610,381,250,135,55,114.0094494,102.60850445999999,0.9,48989.0396185,,2020-05-13
TK 800,PALMA RBD,1224,968,5000,301,,735.9386496,662.34478464,0.9,616344.2362227199,,2020-05-13
TK 500,PALMA RBD,733,960,3500,103,20,723.82464,651.442176,0.9,413908.57088,,2020-05-13
TK 60,ACIDOS GRASOS DE PALMA,610,381,250,426,50,114.0094494,102.31633039185253,0.8974372820000001,19076.204792100867,,2020-05-13
N1,ACEITE DE PALMA CRUDO (CPO),458,298,250,vacio,100,69.7466616,63.469462056,0.91,,,2020-05-13
N2,ACEITE DE PALMA BLANQUEADO (BPO),458,298,250,282,60,69.7466616,63.469462056,0.91,11420.625321856,,2020-05-13
TK 370,PALMISTE CRUDO ,839,771,3891,768,60,466.8739614,415.517825646,0.89,33392.765620866005,,2020-05-13
CRISTA 1,PALMA RBD,671,292,2200,20,50,66.9663456,60.0688120032,0.897,41304.7966140832,,2020-05-13
CRISTA 2,PALMA RBD,671,292,2200,313,50,66.9663456,60.0688120032,0.897,23704.6346971456,,2020-05-13
TOLVA ,ESTEARINA DE PALMA RBD,152,430,500,152,50,145.22046,130.698414,0.9,500,,2020-05-13
OLEINA LAVADO,OLEINA LAVADO ,304,160,200,150,50,20.106240000000003,17.894553600000002,0.89,2955.7612544000003,,2020-05-13
TK40 RECEPCION ,OLEINA PROCESO ,381,389,0,144,50,118.8475134,106.96276206,0.9,25350.17460822,,2020-05-13
TK150 ,OLEINA DESPACHO ,915,490,1500,695,,188.57454,167.8313406,0.89,38422.894932,,2020-05-13
TK EMPAQUE  ,OLEINA ,306,249,200,-,70,48.6955854,43.339071006,0.89,,,2020-05-13
OLEINA ENVASADA,OLEINA ENVASADA,,,,-,,,0,,,,2020-05-13
CRISTA 1,,300,270,1200,VACIO,60,57.25566,51.530094,0.9,,,2020-05-13
CRISTA 2,,459,194,200,VACIO,,29.56,26.604,0.9,,,2020-05-13
TOLVA 1,,190,205,200,VACIO,70,33.006434999999996,26.405147999999997,0.8,,,2020-05-13
TOLVA 2,,152,271,300,VACIO,70,57.6805614,46.144449120000004,0.8,,,2020-05-13
TK1,ESTEARINA  DE PALMA  RBD,610,381,250,55,55,114.0094494,102.60850445999999,0.9,57197.719975299995,,2020-05-14
TK2,INTERESTERIFICADO ,610,381,250,403,55,114.0094494,102.60850445999999,0.9,21489.96042322,,2020-05-14
TK3,PALMISTE RBD,610,381,250,552,55,114.0094494,98.048126484,0.86,5936.7913360719995,,2020-05-14
TK4,GRASA DURA ,610,381,250,403,55,114.0094494,102.60850445999999,0.9,21489.96042322,,2020-05-14
TK5,PALMA RBD,610,381,250,558,55,114.0094494,102.60850445999999,0.9,5585.642231919999,,2020-05-14
TK 800,PALMA RBD,1224,968,5000,409,,735.9386496,662.34478464,0.9,544810.9994816,,2020-05-14
TK 500,PALMA RBD,733,960,3500,14,20,723.82464,651.442176,0.9,471886.924544,,2020-05-14
TK 60,ACIDOS GRASOS DE PALMA,610,381,250,377,50,114.0094494,102.31633039185253,0.8974372820000001,24089.70498130164,,2020-05-14
N1,ACEITE DE PALMA CRUDO (CPO),458,298,250,270,100,69.7466616,63.469462056,0.91,12182.258866528,,2020-05-14
N2,ACEITE DE PALMA BLANQUEADO (BPO),458,298,250,220,60,69.7466616,63.469462056,0.91,15355.731969327999,,2020-05-14
TK 370,PALMISTE CRUDO ,839,771,3891,768,60,466.8739614,415.517825646,0.89,33392.765620866005,,2020-05-14
CRISTA 1,PALMA RBD,671,292,2200,20,50,66.9663456,60.0688120032,0.897,41304.7966140832,,2020-05-14
CRISTA 2,PALMA RBD,671,292,2200,280,50,66.9663456,60.0688120032,0.897,25686.9054932512,,2020-05-14
TOLVA ,ESTEARINA DE PALMA RBD,152,430,500,50,50,145.22046,130.698414,0.9,13831.238228000002,,2020-05-14
OLEINA LAVADO,OLEINA LAVADO ,304,160,200,150,50,20.106240000000003,17.894553600000002,0.89,2955.7612544000003,,2020-05-14
TK40 RECEPCION ,OLEINA PROCESO ,381,389,0,142,50,118.8475134,106.96276206,0.9,25564.10013234,,2020-05-14
TK150 ,OLEINA DESPACHO ,915,490,1500,800,,188.57454,167.8313406,0.89,20800.604169000002,,2020-05-14
TK EMPAQUE  ,OLEINA ,306,249,200,-,70,48.6955854,43.339071006,0.89,,,2020-05-14
OLEINA ENVASADA,OLEINA ENVASADA,,,,-,,,0,,,,2020-05-14
CRISTA 1,,300,270,1200,50,60,57.25566,51.530094,0.9,14082.5235,,2020-05-14
CRISTA 2,,459,194,200,16,,29.56,26.604,0.9,11985.572,,2020-05-14
TOLVA 1,,190,205,200,VACIO,70,33.006434999999996,26.405147999999997,0.8,,,2020-05-14
TOLVA 2,,152,271,300,VACIO,70,57.6805614,46.144449120000004,0.8,,,2020-05-14
TK1,ESTEARINA  DE PALMA  RBD,610,381,250,37,55,114.0094494,102.60850445999999,0.9,59044.673055579995,,2020-05-15
TK2,INTERESTERIFICADO ,610,381,250,400,55,114.0094494,102.60850445999999,0.9,21797.785936599998,,2020-05-15
TK3,PALMISTE RBD,610,381,250,557,55,114.0094494,98.048126484,0.86,5446.550703651999,,2020-05-15
TK4,GRASA DURA ,610,381,250,345,55,114.0094494,102.60850445999999,0.9,27441.253681899998,,2020-05-15
TK5,PALMA RBD,610,381,250,557,55,114.0094494,102.60850445999999,0.9,5688.25073638,,2020-05-15
TK 800,PALMA RBD,1224,968,5000,387,,735.9386496,662.34478464,0.9,559382.58474368,,2020-05-15
TK 500,PALMA RBD,733,960,3500,116,20,723.82464,651.442176,0.9,405439.822592,,2020-05-15
TK 60,ACIDOS GRASOS DE PALMA,610,381,250,324,50,114.0094494,102.31633039185253,0.8974372820000001,29512.470492069824,,2020-05-15
N1,ACEITE DE PALMA CRUDO (CPO),458,298,250,380,100,69.7466616,63.469462056,0.91,5200.618040368,,2020-05-15
N2,ACEITE DE PALMA BLANQUEADO (BPO),458,298,250,10,60,69.7466616,63.469462056,0.91,28684.319001088,,2020-05-15
TK 370,PALMISTE CRUDO ,839,771,3891,768,60,466.8739614,415.517825646,0.89,33392.765620866005,,2020-05-15
CRISTA 1,PALMA RBD,671,292,2200,20,50,66.9663456,60.0688120032,0.897,41304.7966140832,,2020-05-15
CRISTA 2,PALMA RBD,671,292,2200,176,50,66.9663456,60.0688120032,0.897,31934.061941584,,2020-05-15
TOLVA ,ESTEARINA DE PALMA RBD,152,430,500,127,50,145.22046,130.698414,0.9,3767.4603500000003,,2020-05-15
OLEINA LAVADO,OLEINA LAVADO ,304,160,200,150,50,20.106240000000003,17.894553600000002,0.89,2955.7612544000003,,2020-05-15
TK40 RECEPCION ,OLEINA PROCESO ,381,389,0,182,50,118.8475134,106.96276206,0.9,21285.58964994,,2020-05-15
TK150 ,OLEINA DESPACHO ,915,490,1500,732,,188.57454,167.8313406,0.89,32213.1353298,,2020-05-15
TK EMPAQUE  ,OLEINA ,306,249,200,-,70,48.6955854,43.339071006,0.89,,,2020-05-15
OLEINA ENVASADA,OLEINA ENVASADA,,,,-,,,0,,,,2020-05-15
CRISTA 1,,300,270,1200,76,60,57.25566,51.530094,0.9,12742.741055999999,,2020-05-15
CRISTA 2,,459,194,200,270,,29.56,26.604,0.9,5228.156,,2020-05-15
TOLVA 1,,190,205,200,VACIO,70,33.006434999999996,26.405147999999997,0.8,,,2020-05-15
TOLVA 2,,152,271,300,VACIO,70,57.6805614,46.144449120000004,0.8,,,2020-05-15
TK1,ESTEARINA  DE PALMA  RBD,610,381,250,107,55,114.0094494,102.60850445999999,0.9,51862.077743379996,,2020-05-16
TK2,INTERESTERIFICADO ,610,381,250,422,55,114.0094494,102.60850445999999,0.9,19540.39883848,,2020-05-16
TK3,PALMISTE RBD,610,381,250,560,55,114.0094494,98.048126484,0.86,5152.406324199999,,2020-05-16
TK4,GRASA DURA ,610,381,250,VACIO,55,114.0094494,102.60850445999999,0.9,,,2020-05-16
TK5,PALMA RBD,610,381,250,353,55,114.0094494,102.60850445999999,0.9,26620.38564622,,2020-05-16
TK 800,PALMA RBD,1224,968,5000,350,,735.9386496,662.34478464,0.9,583889.3417753599,,2020-05-16
TK 500,PALMA RBD,733,960,3500,170,20,723.82464,651.442176,0.9,370261.94508800004,,2020-05-16
TK 60,ACIDOS GRASOS DE PALMA,610,381,250,272,50,114.0094494,102.31633039185253,0.8974372820000001,34832.91967244616,,2020-05-16
N1,ACEITE DE PALMA CRUDO (CPO),458,298,250,43,100,69.7466616,63.469462056,0.91,26589.82675324,,2020-05-16
N2,ACEITE DE PALMA BLANQUEADO (BPO),458,298,250,207,60,69.7466616,63.469462056,0.91,16180.834976056,,2020-05-16
TK 370,PALMISTE CRUDO ,839,771,3891,829.5,60,466.8739614,415.517825646,0.89,7838.419343637001,,2020-05-16
CRISTA 1,PALMA RBD,671,292,2200,20,50,66.9663456,60.0688120032,0.897,41304.7966140832,,2020-05-16
CRISTA 2,PALMA RBD,671,292,2200,32,50,66.9663456,60.0688120032,0.897,40583.9708700448,,2020-05-16
TOLVA ,ESTEARINA DE PALMA RBD,152,430,500,152,50,145.22046,130.698414,0.9,500,,2020-05-16
OLEINA LAVADO,OLEINA LAVADO ,304,160,200,304,50,20.106240000000003,17.894553600000002,0.89,200,,2020-05-16
TK40 RECEPCION ,OLEINA PROCESO ,381,389,0,100,50,118.8475134,106.96276206,0.9,30056.53613886,,2020-05-16
TK150 ,OLEINA DESPACHO ,915,490,1500,728,,188.57454,167.8313406,0.89,32884.4606922,,2020-05-16
TK EMPAQUE  ,OLEINA ,306,249,200,-,70,48.6955854,43.339071006,0.89,,,2020-05-16
OLEINA ENVASADA,OLEINA ENVASADA,,,,-,,,0,,,,2020-05-16
CRISTA 1,,300,270,1200,220,60,57.25566,51.530094,0.9,5322.40752,,2020-05-16
CRISTA 2,,459,194,200,VACIO,,29.56,26.604,0.9,,,2020-05-16
TOLVA 1,,190,205,200,VACIO,70,33.006434999999996,26.405147999999997,0.8,,,2020-05-16
TOLVA 2,,152,271,300,VACIO,70,57.6805614,46.144449120000004,0.8,,,2020-05-16
TK1,ESTEARINA  DE PALMA  RBD,610,381,250,257,55,114.0094494,102.60850445999999,0.9,36470.80207438,,2020-05-18
TK2,INTERESTERIFICADO ,610,381,250,428,55,114.0094494,102.60850445999999,0.9,18924.747811719997,,2020-05-18
TK3,PALMISTE RBD,610,381,250,143,55,114.0094494,98.048126484,0.86,46038.475068028,,2020-05-18
TK4,GRASA DURA ,610,381,250,VACIO,55,114.0094494,102.60850445999999,0.9,,,2020-05-18
TK5,PALMA RBD,610,381,250,414,55,114.0094494,102.60850445999999,0.9,20361.26687416,,2020-05-18
TK 800,PALMA RBD,1224,968,5000,322,,735.9386496,662.34478464,0.9,602434.99574528,,2020-05-18
TK 500,PALMA RBD,733,960,3500,172,20,723.82464,651.442176,0.9,368959.060736,,2020-05-18
TK 60,ACIDOS GRASOS DE PALMA,610,381,250,-,50,114.0094494,102.31633039185253,0.8974372820000001,,,2020-05-18
N1,ACEITE DE PALMA CRUDO (CPO),458,298,250,14,100,69.7466616,63.469462056,0.91,28430.441152863998,,2020-05-18
N2,ACEITE DE PALMA BLANQUEADO (BPO),458,298,250,165,60,69.7466616,63.469462056,0.91,18846.552382408,,2020-05-18
TK 370,PALMISTE CRUDO ,839,771,3891,801,60,466.8739614,415.517825646,0.89,19680.677374548002,,2020-05-18
CRISTA 1,PALMA RBD,671,292,2200,185,50,66.9663456,60.0688120032,0.897,31393.4426335552,,2020-05-18
CRISTA 2,PALMA RBD,671,292,2200,7,50,66.9663456,60.0688120032,0.897,42085.6911701248,,2020-05-18
TOLVA ,ESTEARINA DE PALMA RBD,152,430,500,140,50,145.22046,130.698414,0.9,2068.3809680000004,,2020-05-18
OLEINA LAVADO,OLEINA LAVADO ,304,160,200,200,50,20.106240000000003,17.894553600000002,0.89,2061.0335744000004,,2020-05-18
TK40 RECEPCION ,OLEINA PROCESO ,381,389,0,133,50,118.8475134,106.96276206,0.9,26526.76499088,,2020-05-18
TK150 ,OLEINA DESPACHO ,915,490,1500,444,,188.57454,167.8313406,0.89,80548.5614226,,2020-05-18
TK EMPAQUE  ,OLEINA ,306,249,200,-,70,48.6955854,43.339071006,0.89,,,2020-05-18
OLEINA ENVASADA,OLEINA ENVASADA,,,,-,,,0,,,,2020-05-18
CRISTA 1,,300,270,1200,VACIO,60,57.25566,51.530094,0.9,,,2020-05-18
CRISTA 2,,459,194,200,VACIO,,29.56,26.604,0.9,,,2020-05-18
TOLVA 1,,190,205,200,VACIO,70,33.006434999999996,26.405147999999997,0.8,,,2020-05-18
TOLVA 2,,152,271,300,VACIO,70,57.6805614,46.144449120000004,0.8,,,2020-05-18
TK1,ESTEARINA  DE PALMA  RBD,610,381,250,131,55,114.0094494,102.60850445999999,0.9,49399.47363633999,,2020-05-19
TK2,INTERESTERIFICADO ,610,381,250,456,55,114.0094494,102.60850445999999,0.9,16051.709686839999,,2020-05-19
TK3,PALMISTE RBD,610,381,250,156,55,114.0094494,98.048126484,0.86,44763.849423736,,2020-05-19
TK4,GRASA DURA ,610,381,250,542,55,114.0094494,102.60850445999999,0.9,7227.378303279999,,2020-05-19
TK5,PALMA RBD,610,381,250,305,55,114.0094494,102.60850445999999,0.9,31545.593860299996,,2020-05-19
TK 800,PALMA RBD,1224,968,5000,232,,735.9386496,662.34478464,0.9,662046.0263628799,,2020-05-19
TK 500,PALMA RBD,733,960,3500,328,20,723.82464,651.442176,0.9,267334.08128,,2020-05-19
TK 60,ACIDOS GRASOS DE PALMA,610,381,250,532,50,114.0094494,102.31633039185253,0.8974372820000001,8230.673770564497,,2020-05-19
N1,ACEITE DE PALMA CRUDO (CPO),458,298,250,23,100,69.7466616,63.469462056,0.91,27859.215994359998,,2020-05-19
N2,ACEITE DE PALMA BLANQUEADO (BPO),458,298,250,458,60,69.7466616,63.469462056,0.91,250,,2020-05-19
TK 370,PALMISTE CRUDO ,839,771,3891,801,60,466.8739614,415.517825646,0.89,19680.677374548002,,2020-05-19
CRISTA 1,PALMA RBD,671,292,2200,164,50,66.9663456,60.0688120032,0.897,32654.8876856224,,2020-05-19
CRISTA 2,PALMA RBD,671,292,2200,3,50,66.9663456,60.0688120032,0.897,42325.9664181376,,2020-05-19
TOLVA ,ESTEARINA DE PALMA RBD,152,430,500,147,50,145.22046,130.698414,0.9,1153.49207,,2020-05-19
OLEINA LAVADO,OLEINA LAVADO ,304,160,200,200,50,20.106240000000003,17.894553600000002,0.89,2061.0335744000004,,2020-05-19
TK40 RECEPCION ,OLEINA PROCESO ,381,389,0,146,50,118.8475134,106.96276206,0.9,25136.2490841,,2020-05-19
TK150 ,OLEINA DESPACHO ,915,490,1500,588,,188.57454,167.8313406,0.89,56380.8483762,,2020-05-19
TK EMPAQUE  ,OLEINA ,306,249,200,-,70,48.6955854,43.339071006,0.89,,,2020-05-19
OLEINA ENVASADA,OLEINA ENVASADA,,,,-,,,0,,,,2020-05-19
CRISTA 1,,300,270,1200,VACIO,60,57.25566,51.530094,0.9,,,2020-05-19
CRISTA 2,,459,194,200,VACIO,,29.56,26.604,0.9,,,2020-05-19
TOLVA 1,,190,205,200,VACIO,70,33.006434999999996,26.405147999999997,0.8,,,2020-05-19
TOLVA 2,,152,271,300,VACIO,70,57.6805614,46.144449120000004,0.8,,,2020-05-19
TK1,ESTEARINA  DE PALMA  RBD,610,381,250,410,55,114.0094494,102.60850445999999,0.9,20771.700891999997,,2020-05-20
TK2,INTERESTERIFICADO ,610,381,250,468,55,114.0094494,102.60850445999999,0.9,14820.40763332,,2020-05-20
TK3,PALMISTE RBD,610,381,250,175,55,114.0094494,98.048126484,0.86,42900.93502054,,2020-05-20
TK4,GRASA DURA ,610,381,250,342,55,114.0094494,102.60850445999999,0.9,27749.07919528,,2020-05-20
TK5,PALMA RBD,610,381,250,267,55,114.0094494,102.60850445999999,0.9,35444.71702978,,2020-05-20
TK 800,PALMA RBD,1224,968,5000,333,,735.9386496,662.34478464,0.9,595149.20311424,,2020-05-20
TK 500,PALMA RBD,733,960,3500,371,20,723.82464,651.442176,0.9,239322.06771200002,,2020-05-20
TK 60,ACIDOS GRASOS DE PALMA,610,381,250,459,50,114.0094494,102.31633039185253,0.8974372820000001,15699.765889169732,,2020-05-20
N1,ACEITE DE PALMA CRUDO (CPO),458,298,250,VACIO,100,69.7466616,63.469462056,0.91,,,2020-05-20
N2,ACEITE DE PALMA BLANQUEADO (BPO),458,298,250,175,60,69.7466616,63.469462056,0.91,18211.857761847998,,2020-05-20
TK 370,PALMISTE CRUDO ,839,771,3891,801,60,466.8739614,415.517825646,0.89,19680.677374548002,,2020-05-20
CRISTA 1,PALMA RBD,671,292,2200,170,50,66.9663456,60.0688120032,0.897,32294.4748136032,,2020-05-20
CRISTA 2,PALMA RBD,671,292,2200,28,50,66.9663456,60.0688120032,0.897,40824.2461180576,,2020-05-20
TOLVA ,ESTEARINA DE PALMA RBD,152,430,500,152,50,145.22046,130.698414,0.9,500,,2020-05-20
OLEINA LAVADO,OLEINA LAVADO ,304,160,200,VACIO,50,20.106240000000003,17.894553600000002,0.89,,,2020-05-20
TK40 RECEPCION ,OLEINA PROCESO ,381,389,0,235,50,118.8475134,106.96276206,0.9,15616.56326076,,2020-05-20
TK150 ,OLEINA DESPACHO ,915,490,1500,314,,188.57454,167.8313406,0.89,102366.6357006,,2020-05-20
TK EMPAQUE  ,OLEINA ,306,249,200,-,70,48.6955854,43.339071006,0.89,,,2020-05-20
OLEINA ENVASADA,OLEINA ENVASADA,,,,-,,,0,,,,2020-05-20
CRISTA 1,,300,270,1200,VACIO,60,57.25566,51.530094,0.9,,,2020-05-20
CRISTA 2,,459,194,200,VACIO,,29.56,26.604,0.9,,,2020-05-20
TOLVA 1,,190,205,200,VACIO,70,33.006434999999996,26.405147999999997,0.8,,,2020-05-20
TOLVA 2,,152,271,300,VACIO,70,57.6805614,46.144449120000004,0.8,,,2020-05-20
TK1,ESTEARINA  DE PALMA  RBD,610,381,250,357,55,114.0094494,102.60850445999999,0.9,26209.951628379997,,2020-05-21
TK2,INTERESTERIFICADO ,610,381,250,492,55,114.0094494,102.60850445999999,0.9,12357.803526279999,,2020-05-21
TK3,PALMISTE RBD,610,381,250,185,55,114.0094494,98.048126484,0.86,41920.4537557,,2020-05-21
TK4,GRASA DURA ,610,381,250,347,55,114.0094494,102.60850445999999,0.9,27236.036672979997,,2020-05-21
TK5,PALMA RBD,610,381,250,260,55,114.0094494,102.60850445999999,0.9,36162.976560999996,,2020-05-21
TK 800,PALMA RBD,1224,968,5000,410,,735.9386496,662.34478464,0.9,544148.65469696,,2020-05-21
TK 500,PALMA RBD,733,960,3500,357,20,723.82464,651.442176,0.9,248442.258176,,2020-05-21
TK 60,ACIDOS GRASOS DE PALMA,610,381,250,410,50,114.0094494,102.31633039185253,0.8974372820000001,20713.266078370507,,2020-05-21
N1,ACEITE DE PALMA CRUDO (CPO),458,298,250,194,100,69.7466616,63.469462056,0.91,17005.937982784,,2020-05-21
N2,ACEITE DE PALMA BLANQUEADO (BPO),458,298,250,120,60,69.7466616,63.469462056,0.91,21702.678174927998,,2020-05-21
TK 370,PALMISTE CRUDO ,839,771,3891,801,60,466.8739614,415.517825646,0.89,19680.677374548002,,2020-05-21
CRISTA 1,PALMA RBD,671,292,2200,66,50,66.9663456,60.0688120032,0.897,38541.631261936,,2020-05-21
CRISTA 2,PALMA RBD,671,292,2200,19,50,66.9663456,60.0688120032,0.897,41364.8654260864,,2020-05-21
TOLVA ,ESTEARINA DE PALMA RBD,152,430,500,152,50,145.22046,130.698414,0.9,500,,2020-05-21
OLEINA LAVADO,OLEINA LAVADO ,304,160,200,200,50,20.106240000000003,17.894553600000002,0.89,2061.0335744000004,,2020-05-21
TK40 RECEPCION ,OLEINA PROCESO ,381,389,0,155,50,118.8475134,106.96276206,0.9,24173.58422556,,2020-05-21
TK150 ,OLEINA DESPACHO ,915,490,1500,268,,188.57454,167.8313406,0.89,110086.8773682,,2020-05-21
TK EMPAQUE  ,OLEINA ,306,249,200,-,70,48.6955854,43.339071006,0.89,,,2020-05-21
OLEINA ENVASADA,OLEINA ENVASADA,,,,-,,,0,,,,2020-05-21
CRISTA 1,,300,270,1200,VACIO,60,57.25566,51.530094,0.9,,,2020-05-21
CRISTA 2,,459,194,200,VACIO,,29.56,26.604,0.9,,,2020-05-21
TOLVA 1,,190,205,200,VACIO,70,33.006434999999996,26.405147999999997,0.8,,,2020-05-21
TOLVA 2,,152,271,300,VACIO,70,57.6805614,46.144449120000004,0.8,,,2020-05-21
TK1,ESTEARINA  DE PALMA  RBD,610,381,250,474,55,114.0094494,102.60850445999999,0.9,14204.756606559999,,2020-05-23
TK2,INTERESTERIFICADO ,610,381,250,526,55,114.0094494,102.60850445999999,0.9,8869.11437464,,2020-05-23
TK3,PALMISTE RBD,610,381,250,190,55,114.0094494,98.048126484,0.86,41430.213123279995,,2020-05-23
TK4,GRASA DURA ,610,381,250,344,55,114.0094494,102.60850445999999,0.9,27543.86218636,,2020-05-23
TK5,PALMA RBD,610,381,250,292,55,114.0094494,102.60850445999999,0.9,32879.50441828,,2020-05-23
TK 800,PALMA RBD,1224,968,5000,359,,735.9386496,662.34478464,0.9,577928.2387136,,2020-05-23
TK 500,PALMA RBD,733,960,3500,408,20,723.82464,651.442176,0.9,215218.7072,,2020-05-23
TK 60,ACIDOS GRASOS DE PALMA,610,381,250,309,50,114.0094494,102.31633039185253,0.8974372820000001,31047.215447947612,,2020-05-23
N1,ACEITE DE PALMA CRUDO (CPO),458,298,250,94,100,69.7466616,63.469462056,0.91,23352.884188384,,2020-05-23
N2,ACEITE DE PALMA BLANQUEADO (BPO),458,298,250,120,60,69.7466616,63.469462056,0.91,21702.678174927998,,2020-05-23
TK 370,PALMISTE CRUDO ,839,771,3891,801,60,466.8739614,415.517825646,0.89,19680.677374548002,,2020-05-23
CRISTA 1,PALMA RBD,671,292,2200,166,50,66.9663456,60.0688120032,0.897,32534.750061616,,2020-05-23
CRISTA 2,PALMA RBD,671,292,2200,17,50,66.9663456,60.0688120032,0.897,41485.003050092804,,2020-05-23
TOLVA ,ESTEARINA DE PALMA RBD,152,430,500,152,50,145.22046,130.698414,0.9,500,,2020-05-23
OLEINA LAVADO,OLEINA LAVADO ,304,160,200,200,50,20.106240000000003,17.894553600000002,0.89,2061.0335744000004,,2020-05-23
TK40 RECEPCION ,OLEINA PROCESO ,381,389,0,145,50,118.8475134,106.96276206,0.9,25243.21184616,,2020-05-23
TK150 ,OLEINA DESPACHO ,915,490,1500,447,,188.57454,167.8313406,0.89,80045.0674008,,2020-05-23
TK EMPAQUE  ,OLEINA ,306,249,200,-,70,48.6955854,43.339071006,0.89,,,2020-05-23
OLEINA ENVASADA,OLEINA ENVASADA,,,,-,,,0,,,,2020-05-23
CRISTA 1,,300,270,1200,VACIO,60,57.25566,51.530094,0.9,,,2020-05-23
CRISTA 2,,459,194,200,VACIO,,29.56,26.604,0.9,,,2020-05-23
TOLVA 1,,190,205,200,VACIO,70,33.006434999999996,26.405147999999997,0.8,,,2020-05-23
TOLVA 2,,152,271,300,VACIO,70,57.6805614,46.144449120000004,0.8,,,2020-05-23
TK1,ESTEARINA  DE PALMA  RBD,610,381,250,118,55,114.0094494,102.60850445999999,0.9,50733.384194319995,,2020-05-26
TK2,INTERESTERIFICADO ,610,381,250,540,55,114.0094494,102.60850445999999,0.9,7432.595312199999,,2020-05-26
TK3,PALMISTE RBD,610,381,250,217,55,114.0094494,98.048126484,0.86,38782.913708212,,2020-05-26
TK4,GRASA DURA ,610,381,250,345,55,114.0094494,102.60850445999999,0.9,27441.253681899998,,2020-05-26
TK5,PALMA RBD,610,381,250,250,55,114.0094494,102.60850445999999,0.9,37189.0616056,,2020-05-26
TK 800,PALMA RBD,1224,968,5000,510,,735.9386496,662.34478464,0.9,477914.17623295996,,2020-05-26
TK 500,PALMA RBD,733,960,3500,439,20,723.82464,651.442176,0.9,195023.999744,,2020-05-26
TK 60,ACIDOS GRASOS DE PALMA,610,381,250,558,50,114.0094494,102.31633039185253,0.8974372820000001,5570.449180376331,,2020-05-26
N1,ACEITE DE PALMA CRUDO (CPO),458,298,250,230,100,69.7466616,63.469462056,0.91,14721.037348767999,,2020-05-26
N2,ACEITE DE PALMA BLANQUEADO (BPO),458,298,250,200,60,69.7466616,63.469462056,0.91,16625.121210448,,2020-05-26
TK 370,PALMISTE CRUDO ,839,771,3891,801,60,466.8739614,415.517825646,0.89,19680.677374548002,,2020-05-26
CRISTA 1,PALMA RBD,671,292,2200,20,50,66.9663456,60.0688120032,0.897,41304.7966140832,,2020-05-26
CRISTA 2,PALMA RBD,671,292,2200,445,50,66.9663456,60.0688120032,0.897,15775.551512723201,,2020-05-26
TOLVA ,ESTEARINA DE PALMA RBD,152,430,500,117,50,145.22046,130.698414,0.9,5074.444490000001,,2020-05-26
OLEINA LAVADO,OLEINA LAVADO ,304,160,200,200,50,20.106240000000003,17.894553600000002,0.89,2061.0335744000004,,2020-05-26
TK40 RECEPCION ,OLEINA PROCESO ,381,389,0,75,50,118.8475134,106.96276206,0.9,32730.605190360002,,2020-05-26
TK150 ,OLEINA DESPACHO ,915,490,1500,64,,188.57454,167.8313406,0.89,144324.47085060002,,2020-05-26
TK EMPAQUE  ,OLEINA ,306,249,200,-,70,48.6955854,43.339071006,0.89,,,2020-05-26
OLEINA ENVASADA,OLEINA ENVASADA,,,,-,,,0,,,,2020-05-26
CRISTA 1,,300,270,1200,VACIO,60,57.25566,51.530094,0.9,,,2020-05-26
CRISTA 2,,459,194,200,VACIO,,29.56,26.604,0.9,,,2020-05-26
TOLVA 1,,190,205,200,VACIO,70,33.006434999999996,26.405147999999997,0.8,,,2020-05-26
TOLVA 2,,152,271,300,VACIO,70,57.6805614,46.144449120000004,0.8,,,2020-05-26
TK1,ESTEARINA  DE PALMA  RBD,610,381,250,414,55,114.0094494,102.60850445999999,0.9,20361.26687416,,2020-05-27
TK2,INTERESTERIFICADO ,610,381,250,552,55,114.0094494,102.60850445999999,0.9,6201.29325868,,2020-05-27
TK3,PALMISTE RBD,610,381,250,220,55,114.0094494,98.048126484,0.86,38488.76932876,,2020-05-27
TK4,GRASA DURA ,610,381,250,347,55,114.0094494,102.60850445999999,0.9,27236.036672979997,,2020-05-27
TK5,PALMA RBD,610,381,250,430,55,114.0094494,102.60850445999999,0.9,18719.5308028,,2020-05-27
TK 800,PALMA RBD,1224,968,5000,446,,735.9386496,662.34478464,0.9,520304.24244992,,2020-05-27
TK 500,PALMA RBD,733,960,3500,436,20,723.82464,651.442176,0.9,196978.326272,,2020-05-27
TK 60,ACIDOS GRASOS DE PALMA,610,381,250,510,50,114.0094494,102.31633039185253,0.8974372820000001,10481.633039185253,,2020-05-27
N1,ACEITE DE PALMA CRUDO (CPO),458,298,250,18,100,69.7466616,63.469462056,0.91,28176.56330464,,2020-05-27
N2,ACEITE DE PALMA BLANQUEADO (BPO),458,298,250,190,60,69.7466616,63.469462056,0.91,17259.815831008,,2020-05-27
TK 370,PALMISTE CRUDO ,839,771,3891,801,60,466.8739614,415.517825646,0.89,19680.677374548002,,2020-05-27
CRISTA 1,PALMA RBD,671,292,2200,20,50,66.9663456,60.0688120032,0.897,41304.7966140832,,2020-05-27
CRISTA 2,PALMA RBD,671,292,2200,51,50,66.9663456,60.0688120032,0.897,39442.663441984,,2020-05-27
TOLVA ,ESTEARINA DE PALMA RBD,152,430,500,80,50,145.22046,130.698414,0.9,9910.285808,,2020-05-27
OLEINA LAVADO,OLEINA LAVADO ,304,160,200,200,50,20.106240000000003,17.894553600000002,0.89,2061.0335744000004,,2020-05-27
TK40 RECEPCION ,OLEINA PROCESO ,381,389,0,56,50,118.8475134,106.96276206,0.9,34762.8976695,,2020-05-27
TK150 ,OLEINA DESPACHO ,915,490,1500,80,,188.57454,167.8313406,0.89,141639.169401,,2020-05-27
TK EMPAQUE  ,OLEINA ,306,249,200,-,70,48.6955854,43.339071006,0.89,,,2020-05-27
OLEINA ENVASADA,OLEINA ENVASADA,,,,-,,,0,,,,2020-05-27
CRISTA 1,,300,270,1200,46,60,57.25566,51.530094,0.9,14288.643876,,2020-05-27
CRISTA 2,,459,194,200,246,,29.56,26.604,0.9,5866.652,,2020-05-27
TOLVA 1,,190,205,200,VACIO,70,33.006434999999996,26.405147999999997,0.8,,,2020-05-27
TOLVA 2,,152,271,300,VACIO,70,57.6805614,46.144449120000004,0.8,,,2020-05-27
TK1,ESTEARINA  DE PALMA  RBD,610,381,250,577,55,114.0094494,102.60850445999999,0.9,3636.0806471799997,,2020-05-28
TK2,INTERESTERIFICADO ,610,381,250,568,55,114.0094494,102.60850445999999,0.9,4559.55718732,,2020-05-28
TK3,PALMISTE RBD,610,381,250,230,55,114.0094494,98.048126484,0.86,37508.28806392,,2020-05-28
TK4,GRASA DURA ,610,381,250,345,55,114.0094494,102.60850445999999,0.9,27441.253681899998,,2020-05-28
TK5,PALMA RBD,610,381,250,290,55,114.0094494,102.60850445999999,0.9,33084.7214272,,2020-05-28
TK 800,PALMA RBD,1224,968,5000,400,,735.9386496,662.34478464,0.9,550772.10254336,,2020-05-28
TK 500,PALMA RBD,733,960,3500,538,20,723.82464,651.442176,0.9,130531.22432000001,,2020-05-28
TK 60,ACIDOS GRASOS DE PALMA,610,381,250,457,50,114.0094494,102.31633039185253,0.8974372820000001,15904.398549953437,,2020-05-28
N1,ACEITE DE PALMA CRUDO (CPO),458,298,250,29,100,69.7466616,63.469462056,0.91,27478.399222024,,2020-05-28
N2,ACEITE DE PALMA BLANQUEADO (BPO),458,298,250,138,60,69.7466616,63.469462056,0.91,20560.22785792,,2020-05-28
TK 370,PALMISTE CRUDO ,839,771,3891,801,60,466.8739614,415.517825646,0.89,19680.677374548002,,2020-05-28
CRISTA 1,PALMA RBD,671,292,2200,509,50,66.9663456,60.0688120032,0.897,11931.1475445184,,2020-05-28
CRISTA 2,PALMA RBD,671,292,2200,29,50,66.9663456,60.0688120032,0.897,40764.1773060544,,2020-05-28
TOLVA ,ESTEARINA DE PALMA RBD,152,430,500,113,50,145.22046,130.698414,0.9,5597.238146000001,,2020-05-28
OLEINA LAVADO,OLEINA LAVADO ,304,160,200,200,50,20.106240000000003,17.894553600000002,0.89,2061.0335744000004,,2020-05-28
TK40 RECEPCION ,OLEINA PROCESO ,381,389,0,40,50,118.8475134,106.96276206,0.9,36474.30186246,,2020-05-28
TK150 ,OLEINA DESPACHO ,915,490,1500,222,,188.57454,167.8313406,0.89,117807.1190358,,2020-05-28
TK EMPAQUE  ,OLEINA ,306,249,200,-,70,48.6955854,43.339071006,0.89,,,2020-05-28
OLEINA ENVASADA,OLEINA ENVASADA,,,,-,,,0,,,,2020-05-28
CRISTA 1,,300,270,1200,VACIO,60,57.25566,51.530094,0.9,,,2020-05-28
CRISTA 2,,459,194,200,246,,29.56,26.604,0.9,5866.652,,2020-05-28
TOLVA 1,,190,205,200,VACIO,70,33.006434999999996,26.405147999999997,0.8,,,2020-05-28
TOLVA 2,,152,271,300,VACIO,70,57.6805614,46.144449120000004,0.8,,,2020-05-28
TK1,ESTEARINA  DE PALMA  RBD,610,381,250,445,55,114.0094494,102.60850445999999,0.9,17180.403235899998,,2020-05-29
TK2,INTERESTERIFICADO ,610,381,250,577,55,114.0094494,102.60850445999999,0.9,3636.0806471799997,,2020-05-29
TK3,PALMISTE RBD,610,381,250,235,55,114.0094494,98.048126484,0.86,37018.047431499996,,2020-05-29
TK4,GRASA DURA ,610,381,250,344,55,114.0094494,102.60850445999999,0.9,27543.86218636,,2020-05-29
TK5,PALMA RBD,610,381,250,266,55,114.0094494,102.60850445999999,0.9,35547.32553424,,2020-05-29
TK 800,PALMA RBD,1224,968,5000,410,,735.9386496,662.34478464,0.9,544148.65469696,,2020-05-29
TK 500,PALMA RBD,733,960,3500,473,20,723.82464,651.442176,0.9,172874.96576,,2020-05-29
TK 60,ACIDOS GRASOS DE PALMA,610,381,250,400,50,114.0094494,102.31633039185253,0.8974372820000001,21736.429382289032,,2020-05-29
N1,ACEITE DE PALMA CRUDO (CPO),458,298,250,32,100,69.7466616,63.469462056,0.91,27287.990835856,,2020-05-29
N2,ACEITE DE PALMA BLANQUEADO (BPO),458,298,250,100,60,69.7466616,63.469462056,0.91,22972.067416047998,,2020-05-29
TK 370,PALMISTE CRUDO ,839,771,3891,801,60,466.8739614,415.517825646,0.89,19680.677374548002,,2020-05-29
CRISTA 1,PALMA RBD,671,292,2200,36,50,66.9663456,60.0688120032,0.897,40343.695622032,,2020-05-29
CRISTA 2,PALMA RBD,671,292,2200,CARGANDO,50,66.9663456,60.0688120032,0.897,,,2020-05-29
TOLVA ,ESTEARINA DE PALMA RBD,152,430,500,77,50,145.22046,130.698414,0.9,10302.381050000002,,2020-05-29
OLEINA LAVADO,OLEINA LAVADO ,304,160,200,304,50,20.106240000000003,17.894553600000002,0.89,200,,2020-05-29
TK40 RECEPCION ,OLEINA PROCESO ,381,389,0,58,50,118.8475134,106.96276206,0.9,34548.97214538,,2020-05-29
TK150 ,OLEINA DESPACHO ,915,490,1500,616,,188.57454,167.8313406,0.89,51681.5708394,,2020-05-29
TK EMPAQUE  ,OLEINA ,306,249,200,-,70,48.6955854,43.339071006,0.89,,,2020-05-29
OLEINA ENVASADA,OLEINA ENVASADA,,,,-,,,0,,,,2020-05-29
CRISTA 1,,300,270,1200,VACIO,60,57.25566,51.530094,0.9,,,2020-05-29
CRISTA 2,,459,194,200,355,,29.56,26.604,0.9,2966.816,,2020-05-29
TOLVA 1,,190,205,200,VACIO,70,33.006434999999996,26.405147999999997,0.8,,,2020-05-29
TOLVA 2,,152,271,300,VACIO,70,57.6805614,46.144449120000004,0.8,,,2020-05-29
TK1,ESTEARINA  DE PALMA  RBD,610,381,250,382,55,114.0094494,102.60850445999999,0.9,23644.739016879998,,2020-05-30
TK2,INTERESTERIFICADO ,610,381,250,578,55,114.0094494,102.60850445999999,0.9,3533.4721427199997,,2020-05-30
TK3,PALMISTE RBD,610,381,250,237,55,114.0094494,98.048126484,0.86,36821.951178532,,2020-05-30
TK4,GRASA DURA ,610,381,250,605,55,114.0094494,102.60850445999999,0.9,763.0425223,,2020-05-30
TK5,PALMA RBD,610,381,250,440,55,114.0094494,102.60850445999999,0.9,17693.4457582,,2020-05-30
TK 800,PALMA RBD,1224,968,5000,513,,735.9386496,662.34478464,0.9,475927.14187903993,,2020-05-30
TK 500,PALMA RBD,733,960,3500,336,20,723.82464,651.442176,0.9,262122.543872,,2020-05-30
TK 60,ACIDOS GRASOS DE PALMA,610,381,250,358,50,114.0094494,102.31633039185253,0.8974372820000001,26033.715258746837,,2020-05-30
N1,ACEITE DE PALMA CRUDO (CPO),458,298,250,305,100,69.7466616,63.469462056,0.91,9960.827694567999,,2020-05-30
N2,ACEITE DE PALMA BLANQUEADO (BPO),458,298,250,90,60,69.7466616,63.469462056,0.91,23606.762036608,,2020-05-30
TK 370,PALMISTE CRUDO ,839,771,3891,801,60,466.8739614,415.517825646,0.89,19680.677374548002,,2020-05-30
CRISTA 1,PALMA RBD,671,292,2200,32,50,66.9663456,60.0688120032,0.897,40583.9708700448,,2020-05-30
CRISTA 2,PALMA RBD,671,292,2200,584,50,66.9663456,60.0688120032,0.897,7425.9866442784005,,2020-05-30
TOLVA ,ESTEARINA DE PALMA RBD,152,430,500,93,50,145.22046,130.698414,0.9,8211.206426,,2020-05-30
OLEINA LAVADO,OLEINA LAVADO ,304,160,200,304,50,20.106240000000003,17.894553600000002,0.89,200,,2020-05-30
TK40 RECEPCION ,OLEINA PROCESO ,381,389,0,270,50,118.8475134,106.96276206,0.9,11872.866588660001,,2020-05-30
TK150 ,OLEINA DESPACHO ,915,490,1500,370,,188.57454,167.8313406,0.89,92968.080627,,2020-05-30
TK EMPAQUE  ,OLEINA ,306,249,200,-,70,48.6955854,43.339071006,0.89,,,2020-05-30
OLEINA ENVASADA,OLEINA ENVASADA,,,,-,,,0,,,,2020-05-30
CRISTA 1,,300,270,1200,VACIO,60,57.25566,51.530094,0.9,,,2020-05-30
CRISTA 2,,459,194,200,VACIO,,29.56,26.604,0.9,,,2020-05-30
TOLVA 1,,190,205,200,VACIO,70,33.006434999999996,26.405147999999997,0.8,,,2020-05-30
TOLVA 2,,152,271,300,VACIO,70,57.6805614,46.144449120000004,0.8,,,2020-05-30
TK1,ESTEARINA  DE PALMA  RBD,610,381,250,251,55,114.0094494,102.60850445999999,0.9,37086.453101139996,,2020-06-01
TK2,INTERESTERIFICADO ,610,381,250,575,55,114.0094494,102.60850445999999,0.9,3841.2976560999996,,2020-06-01
TK3,PALMISTE RBD,610,381,250,237,55,114.0094494,98.048126484,0.86,36821.951178532,,2020-06-01
TK4,GRASA DURA ,610,381,250,608,55,114.0094494,102.60850445999999,0.9,455.21700892,,2020-06-01
TK5,PALMA RBD,610,381,250,415,55,114.0094494,102.60850445999999,0.9,20258.6583697,,2020-06-01
TK 800,PALMA RBD,1224,968,5000,574,,735.9386496,662.34478464,0.9,435524.110016,,2020-06-01
TK 500,PALMA RBD,733,960,3500,336,20,723.82464,651.442176,0.9,262122.543872,,2020-06-01
TK 60,ACIDOS GRASOS DE PALMA,610,381,250,316,50,114.0094494,102.31633039185253,0.8974372820000001,30331.001135204646,,2020-06-01
N1,ACEITE DE PALMA CRUDO (CPO),458,298,250,VACIO,100,69.7466616,63.469462056,0.91,,,2020-06-01
N2,ACEITE DE PALMA BLANQUEADO (BPO),458,298,250,195,60,69.7466616,63.469462056,0.91,16942.468520727998,,2020-06-01
TK 370,PALMISTE CRUDO ,839,771,3891,801,60,466.8739614,415.517825646,0.89,19680.677374548002,,2020-06-01
CRISTA 1,PALMA RBD,671,292,2200,20,50,66.9663456,60.0688120032,0.897,41304.7966140832,,2020-06-01
CRISTA 2,PALMA RBD,671,292,2200,641,50,66.9663456,60.0688120032,0.897,4002.064360096,,2020-06-01
TOLVA ,ESTEARINA DE PALMA RBD,152,430,500,132,50,145.22046,130.698414,0.9,3113.96828,,2020-06-01
OLEINA LAVADO,OLEINA LAVADO ,304,160,200,304,50,20.106240000000003,17.894553600000002,0.89,200,,2020-06-01
TK40 RECEPCION ,OLEINA PROCESO ,381,389,0,228,50,118.8475134,106.96276206,0.9,16365.302595180001,,2020-06-01
TK150 ,OLEINA DESPACHO ,915,490,1500,506,,188.57454,167.8313406,0.89,70143.01830540001,,2020-06-01
TK EMPAQUE  ,OLEINA ,306,249,200,-,70,48.6955854,43.339071006,0.89,,,2020-06-01
OLEINA ENVASADA,OLEINA ENVASADA,,,,-,,,0,,,,2020-06-01
CRISTA 1,,300,270,1200,VACIO,60,57.25566,51.530094,0.9,,,2020-06-01
CRISTA 2,,459,194,200,VACIO,,29.56,26.604,0.9,,,2020-06-01
TOLVA 1,,190,205,200,VACIO,70,33.006434999999996,26.405147999999997,0.8,,,2020-06-01
TOLVA 2,,152,271,300,VACIO,70,57.6805614,46.144449120000004,0.8,,,2020-06-01
TK1,ESTEARINA  DE PALMA  RBD,610,381,250,251,55,114.0094494,102.60850445999999,0.9,37086.453101139996,,2020-06-01
TK2,INTERESTERIFICADO ,610,381,250,575,55,114.0094494,102.60850445999999,0.9,3841.2976560999996,,2020-06-01
TK3,PALMISTE RBD,610,381,250,237,55,114.0094494,98.048126484,0.86,36821.951178532,,2020-06-01
TK4,GRASA DURA ,610,381,250,608,55,114.0094494,102.60850445999999,0.9,455.21700892,,2020-06-01
TK5,PALMA RBD,610,381,250,415,55,114.0094494,102.60850445999999,0.9,20258.6583697,,2020-06-01
TK 800,PALMA RBD,1224,968,5000,269.5,,735.9386496,662.34478464,0.9,637208.0969388799,,2020-06-01
TK 500,PALMA RBD,733,960,3500,336,20,723.82464,651.442176,0.9,262122.543872,,2020-06-01
TK 60,ACIDOS GRASOS DE PALMA,610,381,250,316,50,114.0094494,102.31633039185253,0.8974372820000001,30331.001135204646,,2020-06-01
N1,ACEITE DE PALMA CRUDO (CPO),458,298,250,VACIO,100,69.7466616,63.469462056,0.91,,,2020-06-01
N2,ACEITE DE PALMA BLANQUEADO (BPO),458,298,250,VACIO,60,69.7466616,63.469462056,0.91,,,2020-06-01
TK 370,PALMISTE CRUDO ,839,771,3891,801,60,466.8739614,415.517825646,0.89,19680.677374548002,,2020-06-01
CRISTA 1,PALMA RBD,671,292,2200,20,50,66.9663456,60.0688120032,0.897,41304.7966140832,,2020-06-01
CRISTA 2,PALMA RBD,671,292,2200,641,50,66.9663456,60.0688120032,0.897,4002.064360096,,2020-06-01
TOLVA ,ESTEARINA DE PALMA RBD,152,430,500,132,50,145.22046,130.698414,0.9,3113.96828,,2020-06-01
OLEINA LAVADO,OLEINA LAVADO ,304,160,200,304,50,20.106240000000003,17.894553600000002,0.89,200,,2020-06-01
TK40 RECEPCION ,OLEINA PROCESO ,381,389,0,228,50,118.8475134,106.96276206,0.9,16365.302595180001,,2020-06-01
TK150 ,OLEINA DESPACHO ,915,490,1500,506,,188.57454,167.8313406,0.89,70143.01830540001,,2020-06-01
TK EMPAQUE  ,OLEINA ,306,249,200,149.6,70,48.6955854,43.339071006,0.89,6978.2307053384,,2020-06-01
OLEINA ENVASADA,OLEINA ENVASADA,,,,,,,0,,24686,,2020-06-01
CRISTA 1,,300,270,1200,VACIO,60,57.25566,51.530094,0.9,,,2020-06-01
CRISTA 2,,459,194,200,VACIO,,29.56,26.604,0.9,,,2020-06-01
TOLVA 1,,190,205,200,VACIO,70,33.006434999999996,26.405147999999997,0.8,,,2020-06-01
TOLVA 2,,152,271,300,VACIO,70,57.6805614,46.144449120000004,0.8,,,2020-06-01
TK1,ESTEARINA  DE PALMA  RBD,610,381,250,530,55,114.0094494,102.60850445999999,0.9,8458.6803568,,2020-06-02
TK2,INTERESTERIFICADO ,610,381,250,575,55,114.0094494,102.60850445999999,0.9,3841.2976560999996,,2020-06-02
TK3,PALMISTE RBD,610,381,250,234,55,114.0094494,98.048126484,0.86,37116.095557984,,2020-06-02
TK4,GRASA DURA ,610,381,250,607,55,114.0094494,102.60850445999999,0.9,557.82551338,,2020-06-02
TK5,PALMA RBD,610,381,250,340,55,114.0094494,102.60850445999999,0.9,27954.296204199996,,2020-06-02
TK 800,PALMA RBD,1224,968,5000,652,,735.9386496,662.34478464,0.9,383861.21681407996,,2020-06-02
TK 500,PALMA RBD,733,960,3500,367,20,723.82464,651.442176,0.9,241927.836416,,2020-06-02
TK 60,ACIDOS GRASOS DE PALMA,610,381,250,316,50,114.0094494,102.31633039185253,0.8974372820000001,30331.001135204646,,2020-06-02
N1,ACEITE DE PALMA CRUDO (CPO),458,298,250,18,100,69.7466616,63.469462056,0.91,28176.56330464,,2020-06-02
N2,ACEITE DE PALMA BLANQUEADO (BPO),458,298,250,260,60,69.7466616,63.469462056,0.91,12816.953487088,,2020-06-02
TK 370,PALMISTE CRUDO ,839,771,3891,801,60,466.8739614,415.517825646,0.89,19680.677374548002,,2020-06-02
CRISTA 1,PALMA RBD,671,292,2200,34,50,66.9663456,60.0688120032,0.897,40463.833246038404,,2020-06-02
CRISTA 2,PALMA RBD,671,292,2200,18,50,66.9663456,60.0688120032,0.897,41424.9342380896,,2020-06-02
TOLVA ,ESTEARINA DE PALMA RBD,152,430,500,92,50,145.22046,130.698414,0.9,8341.904840000001,,2020-06-02
OLEINA LAVADO,OLEINA LAVADO ,304,160,200,304,50,20.106240000000003,17.894553600000002,0.89,200,,2020-06-02
TK40 RECEPCION ,OLEINA PROCESO ,381,389,0,285,50,118.8475134,106.96276206,0.9,10268.42515776,,2020-06-02
TK150 ,OLEINA DESPACHO ,915,490,1500,328,,188.57454,167.8313406,0.89,100016.9969322,,2020-06-02
TK EMPAQUE  ,OLEINA ,306,249,200,-,70,48.6955854,43.339071006,0.89,,,2020-06-02
OLEINA ENVASADA,OLEINA ENVASADA,,,,-,,,0,,,,2020-06-02
CRISTA 1,,300,270,1200,VACIO,60,57.25566,51.530094,0.9,,,2020-06-02
CRISTA 2,,459,194,200,VACIO,,29.56,26.604,0.9,,,2020-06-02
TOLVA 1,,190,205,200,VACIO,70,33.006434999999996,26.405147999999997,0.8,,,2020-06-02
TOLVA 2,,152,271,300,VACIO,70,57.6805614,46.144449120000004,0.8,,,2020-06-02
TK1,ESTEARINA  DE PALMA  RBD,610,381,250,454,55,114.0094494,102.60850445999999,0.9,16256.92669576,,2020-06-03
TK2,INTERESTERIFICADO ,610,381,250,575,55,114.0094494,102.60850445999999,0.9,3841.2976560999996,,2020-06-03
TK3,PALMISTE RBD,610,381,250,238,55,114.0094494,98.048126484,0.86,36723.903052048,,2020-06-03
TK4,GRASA DURA ,610,381,250,607,55,114.0094494,102.60850445999999,0.9,557.82551338,,2020-06-03
TK5,PALMA RBD,610,381,250,375,55,114.0094494,102.60850445999999,0.9,24362.998548099997,,2020-06-03
TK 800,PALMA RBD,1224,968,5000,678,,735.9386496,662.34478464,0.9,366640.25241344,,2020-06-03
TK 500,PALMA RBD,733,960,3500,395,20,723.82464,651.442176,0.9,223687.455488,,2020-06-03
TK 60,ACIDOS GRASOS DE PALMA,610,381,250,291,50,114.0094494,102.31633039185253,0.8974372820000001,32888.909395000956,,2020-06-03
N1,ACEITE DE PALMA CRUDO (CPO),458,298,250,25,100,69.7466616,63.469462056,0.91,27732.277070247997,,2020-06-03
N2,ACEITE DE PALMA BLANQUEADO (BPO),458,298,250,240,60,69.7466616,63.469462056,0.91,14086.342728208,,2020-06-03
TK 370,PALMISTE CRUDO ,839,771,3891,764,60,466.8739614,415.517825646,0.89,35054.83692345,,2020-06-03
CRISTA 1,PALMA RBD,671,292,2200,654,50,66.9663456,60.0688120032,0.897,3221.1698040544,,2020-06-03
CRISTA 2,PALMA RBD,671,292,2200,37,50,66.9663456,60.0688120032,0.897,40283.6268100288,,2020-06-03
TOLVA ,ESTEARINA DE PALMA RBD,152,430,500,90,50,145.22046,130.698414,0.9,8603.301668,,2020-06-03
OLEINA LAVADO,OLEINA LAVADO ,304,160,200,304,50,20.106240000000003,17.894553600000002,0.89,200,,2020-06-03
TK40 RECEPCION ,OLEINA PROCESO ,381,389,0,126,50,118.8475134,106.96276206,0.9,27275.5043253,,2020-06-03
TK150 ,OLEINA DESPACHO ,915,490,1500,376,,188.57454,167.8313406,0.89,91961.09258340001,,2020-06-03
TK EMPAQUE  ,OLEINA ,306,249,200,-,70,48.6955854,43.339071006,0.89,,,2020-06-03
OLEINA ENVASADA,OLEINA ENVASADA,,,,-,,,0,,,,2020-06-03
CRISTA 1,,300,270,1200,65,60,57.25566,51.530094,0.9,13309.57209,,2020-06-03
CRISTA 2,,459,194,200,VACIO,,29.56,26.604,0.9,,,2020-06-03
TOLVA 1,,190,205,200,VACIO,70,33.006434999999996,26.405147999999997,0.8,,,2020-06-03
TOLVA 2,,152,271,300,VACIO,70,57.6805614,46.144449120000004,0.8,,,2020-06-03
TK1,ESTEARINA  DE PALMA  RBD,610,381,250,298,55,114.0094494,102.60850445999999,0.9,32263.85339152,,2020-06-04
TK2,INTERESTERIFICADO ,610,381,250,599,55,114.0094494,102.60850445999999,0.9,1378.69354906,,2020-06-04
TK3,PALMISTE RBD,610,381,250,238,55,114.0094494,98.048126484,0.86,36723.903052048,,2020-06-04
TK4,GRASA DURA ,610,381,250,607,55,114.0094494,102.60850445999999,0.9,557.82551338,,2020-06-04
TK5,PALMA RBD,610,381,250,211,55,114.0094494,102.60850445999999,0.9,41190.79327954,,2020-06-04
TK 800,PALMA RBD,1224,968,5000,668,,735.9386496,662.34478464,0.9,373263.70025983994,,2020-06-04
TK 500,PALMA RBD,733,960,3500,496,20,723.82464,651.442176,0.9,157891.795712,,2020-06-04
TK 60,ACIDOS GRASOS DE PALMA,610,381,250,576,50,114.0094494,102.31633039185253,0.8974372820000001,3728.755233322986,,2020-06-04
N1,ACEITE DE PALMA CRUDO (CPO),458,298,250,CARGANDO,100,69.7466616,63.469462056,0.91,,,2020-06-04
N2,ACEITE DE PALMA BLANQUEADO (BPO),458,298,250,320,60,69.7466616,63.469462056,0.91,9008.785763728,,2020-06-04
TK 370,PALMISTE CRUDO ,839,771,3891,832,60,466.8739614,415.517825646,0.89,6799.624779522001,,2020-06-04
CRISTA 1,PALMA RBD,671,292,2200,350,50,66.9663456,60.0688120032,0.897,21482.0886530272,,2020-06-04
CRISTA 2,PALMA RBD,671,292,2200,29,50,66.9663456,60.0688120032,0.897,40764.1773060544,,2020-06-04
TOLVA ,ESTEARINA DE PALMA RBD,152,430,500,110,50,145.22046,130.698414,0.9,5989.333388000001,,2020-06-04
OLEINA LAVADO,OLEINA LAVADO ,304,160,200,304,50,20.106240000000003,17.894553600000002,0.89,200,,2020-06-04
TK40 RECEPCION ,OLEINA PROCESO ,381,389,0,44,50,118.8475134,106.96276206,0.9,36046.45081422,,2020-06-04
TK150 ,OLEINA DESPACHO ,915,490,1500,246,,188.57454,167.8313406,0.89,113779.16686140001,,2020-06-04
TK EMPAQUE  ,OLEINA ,306,249,200,-,70,48.6955854,43.339071006,0.89,,,2020-06-04
OLEINA ENVASADA,OLEINA ENVASADA,,,,-,,,0,,,,2020-06-04
CRISTA 1,,300,270,1200,64,60,57.25566,51.530094,0.9,13361.102184,,2020-06-04
CRISTA 2,,459,194,200,VACIO,,29.56,26.604,0.9,,,2020-06-04
TOLVA 1,,190,205,200,VACIO,70,33.006434999999996,26.405147999999997,0.8,,,2020-06-04
TOLVA 2,,152,271,300,VACIO,70,57.6805614,46.144449120000004,0.8,,,2020-06-04
TK1,ESTEARINA  DE PALMA  RBD,610,381,250,578,55,114.0094494,102.60850445999999,0.9,3533.4721427199997,,2020-06-05
TK2,INTERESTERIFICADO ,610,381,250,607,55,114.0094494,102.60850445999999,0.9,557.82551338,,2020-06-05
TK3,PALMISTE RBD,610,381,250,340,55,114.0094494,98.048126484,0.86,26722.99415068,,2020-06-05
TK4,GRASA DURA ,610,381,250,607,55,114.0094494,102.60850445999999,0.9,557.82551338,,2020-06-05
TK5,PALMA RBD,610,381,250,273,55,114.0094494,102.60850445999999,0.9,34829.066003019994,,2020-06-05
TK 800,PALMA RBD,1224,968,5000,584,,735.9386496,662.34478464,0.9,428900.66216959996,,2020-06-05
TK 500,PALMA RBD,733,960,3500,547,20,723.82464,651.442176,0.9,124668.24473600001,,2020-06-05
TK 60,ACIDOS GRASOS DE PALMA,610,381,250,PDTE,50,114.0094494,102.31633039185253,0.8974372820000001,,,2020-06-05
N1,ACEITE DE PALMA CRUDO (CPO),458,298,250,260,100,69.7466616,63.469462056,0.91,12816.953487088,,2020-06-05
N2,ACEITE DE PALMA BLANQUEADO (BPO),458,298,250,350,60,69.7466616,63.469462056,0.91,7104.701902048,,2020-06-05
TK 370,PALMISTE CRUDO ,839,771,3891,809,60,466.8739614,415.517825646,0.89,16356.53476938,,2020-06-05
CRISTA 1,PALMA RBD,671,292,2200,168,50,66.9663456,60.0688120032,0.897,32414.6124376096,,2020-06-05
CRISTA 2,PALMA RBD,671,292,2200,20,50,66.9663456,60.0688120032,0.897,41304.7966140832,,2020-06-05
TOLVA ,ESTEARINA DE PALMA RBD,152,430,500,116,50,145.22046,130.698414,0.9,5205.142904,,2020-06-05
OLEINA LAVADO,OLEINA LAVADO ,304,160,200,304,50,20.106240000000003,17.894553600000002,0.89,200,,2020-06-05
TK40 RECEPCION ,OLEINA PROCESO ,381,389,0,56,50,118.8475134,106.96276206,0.9,34762.8976695,,2020-06-05
TK150 ,OLEINA DESPACHO ,915,490,1500,57,,188.57454,167.8313406,0.89,145499.2902348,,2020-06-05
TK EMPAQUE  ,OLEINA ,306,249,200,45,70,48.6955854,43.339071006,0.89,11511.497532566,,2020-06-05
OLEINA ENVASADA,OLEINA ENVASADA,,,,-,,,0,,,,2020-06-05
CRISTA 1,,300,270,1200,64,60,57.25566,51.530094,0.9,13361.102184,,2020-06-05
CRISTA 2,,459,194,200,VACIO,,29.56,26.604,0.9,,,2020-06-05
TOLVA 1,,190,205,200,VACIO,70,33.006434999999996,26.405147999999997,0.8,,,2020-06-05
TOLVA 2,,152,271,300,VACIO,70,57.6805614,46.144449120000004,0.8,,,2020-06-05
TK1,ESTEARINA  DE PALMA  RBD,610,381,250,543,55,114.0094494,102.60850445999999,0.9,7124.76979882,,2020-06-06
TK2,INTERESTERIFICADO ,610,381,250,420,55,114.0094494,102.60850445999999,0.9,19745.615847399997,,2020-06-06
TK3,PALMISTE RBD,610,381,250,346,55,114.0094494,98.048126484,0.86,26134.705391776,,2020-06-06
TK4,GRASA DURA ,610,381,250,609,55,114.0094494,102.60850445999999,0.9,352.60850446,,2020-06-06
TK5,PALMA RBD,610,381,250,379,55,114.0094494,102.60850445999999,0.9,23952.56453026,,2020-06-06
TK 800,PALMA RBD,1224,968,5000,510,,735.9386496,662.34478464,0.9,477914.17623295996,,2020-06-06
TK 500,PALMA RBD,733,960,3500,548,20,723.82464,651.442176,0.9,124016.80256,,2020-06-06
TK 60,ACIDOS GRASOS DE PALMA,610,381,250,471,50,114.0094494,102.31633039185253,0.8974372820000001,14471.969924467501,,2020-06-06
N1,ACEITE DE PALMA CRUDO (CPO),458,298,250,350,100,69.7466616,63.469462056,0.91,7104.701902048,,2020-06-06
N2,ACEITE DE PALMA BLANQUEADO (BPO),458,298,250,310,60,69.7466616,63.469462056,0.91,9643.480384288,,2020-06-06
TK 370,PALMISTE CRUDO ,839,771,3891,777.5,60,466.8739614,415.517825646,0.89,29445.346277229,,2020-06-06
CRISTA 1,PALMA RBD,671,292,2200,20,50,66.9663456,60.0688120032,0.897,41304.7966140832,,2020-06-06
CRISTA 2,PALMA RBD,671,292,2200,34,50,66.9663456,60.0688120032,0.897,40463.833246038404,,2020-06-06
TOLVA ,ESTEARINA DE PALMA RBD,152,430,500,155,50,145.22046,130.698414,0.9,107.90475799999996,,2020-06-06
OLEINA LAVADO,OLEINA LAVADO ,304,160,200,304,50,20.106240000000003,17.894553600000002,0.89,200,,2020-06-06
TK40 RECEPCION ,OLEINA PROCESO ,381,389,0,22,50,118.8475134,106.96276206,0.9,38399.63157954,,2020-06-06
TK150 ,OLEINA DESPACHO ,915,490,1500,3,,188.57454,167.8313406,0.89,154562.1826272,,2020-06-06
TK EMPAQUE  ,OLEINA ,306,249,200,44,70,48.6955854,43.339071006,0.89,11554.836603572,,2020-06-06
OLEINA ENVASADA,OLEINA ENVASADA,,,,-,,,0,,,,2020-06-06
CRISTA 1,,300,270,1200,VACIO,60,57.25566,51.530094,0.9,,,2020-06-06
CRISTA 2,,459,194,200,VACIO,,29.56,26.604,0.9,,,2020-06-06
TOLVA 1,,190,205,200,VACIO,70,33.006434999999996,26.405147999999997,0.8,,,2020-06-06
TOLVA 2,,152,271,300,VACIO,70,57.6805614,46.144449120000004,0.8,,,2020-06-06
TK1,ESTEARINA  DE PALMA  RBD,610,381,250,540,55,114.0094494,102.60850445999999,0.9,7432.595312199999,,2020-06-09
TK2,INTERESTERIFICADO ,610,381,250,391,55,114.0094494,102.60850445999999,0.9,22721.262476739998,,2020-06-09
TK3,PALMISTE RBD,610,381,250,361,55,114.0094494,98.048126484,0.86,24663.983494516,,2020-06-09
TK4,GRASA DURA ,610,381,250,VACIO,55,114.0094494,102.60850445999999,0.9,,,2020-06-09
TK5,PALMA RBD,610,381,250,585,55,114.0094494,102.60850445999999,0.9,2815.2126114999996,,2020-06-09
TK 800,PALMA RBD,1224,968,5000,357,,735.9386496,662.34478464,0.9,579252.92828288,,2020-06-09
TK 500,PALMA RBD,733,960,3500,624,20,723.82464,651.442176,0.9,74507.197184,,2020-06-09
TK 60,ACIDOS GRASOS DE PALMA,610,381,250,326,50,114.0094494,102.31633039185253,0.8974372820000001,29307.83783128612,,2020-06-09
N1,ACEITE DE PALMA CRUDO (CPO),458,298,250,25,100,69.7466616,63.469462056,0.91,27732.277070247997,,2020-06-09
N2,ACEITE DE PALMA BLANQUEADO (BPO),458,298,250,274,60,69.7466616,63.469462056,0.91,11928.381018304,,2020-06-09
TK 370,PALMISTE CRUDO ,839,771,3891,811,60,466.8739614,415.517825646,0.89,15525.499118088,,2020-06-09
CRISTA 1,PALMA RBD,671,292,2200,20,50,66.9663456,60.0688120032,0.897,41304.7966140832,,2020-06-09
CRISTA 2,PALMA RBD,671,292,2200,34,50,66.9663456,60.0688120032,0.897,40463.833246038404,,2020-06-09
TOLVA ,ESTEARINA DE PALMA RBD,152,430,500,152,50,145.22046,130.698414,0.9,500,,2020-06-09
OLEINA LAVADO,OLEINA LAVADO ,304,160,200,304,50,20.106240000000003,17.894553600000002,0.89,200,,2020-06-09
TK40 RECEPCION ,OLEINA PROCESO ,381,389,0,269,50,118.8475134,106.96276206,0.9,11979.82935072,,2020-06-09
TK150 ,OLEINA DESPACHO ,915,490,1500,316,,188.57454,167.8313406,0.89,102030.9730194,,2020-06-09
TK EMPAQUE  ,OLEINA ,306,249,200,44,70,48.6955854,43.339071006,0.89,11554.836603572,,2020-06-09
OLEINA ENVASADA,OLEINA ENVASADA,,,,-,,,0,,,,2020-06-09
CRISTA 1,,300,270,1200,67,60,57.25566,51.530094,0.9,13206.511902,,2020-06-09
CRISTA 2,,459,194,200,VACIO,,29.56,26.604,0.9,,,2020-06-09
TOLVA 1,,190,205,200,VACIO,70,33.006434999999996,26.405147999999997,0.8,,,2020-06-09
TOLVA 2,,152,271,300,VACIO,70,57.6805614,46.144449120000004,0.8,,,2020-06-09
TK1,ESTEARINA  DE PALMA  RBD,610,381,250,506,55,114.0094494,102.60850445999999,0.9,10921.284463839998,,2020-06-10
TK2,INTERESTERIFICADO ,610,381,250,407,55,114.0094494,102.60850445999999,0.9,21079.52640538,,2020-06-10
TK3,PALMISTE RBD,610,381,250,300,55,114.0094494,98.048126484,0.86,30644.91921004,,2020-06-10
TK4,GRASA DURA ,610,381,250,VACIO,55,114.0094494,102.60850445999999,0.9,,,2020-06-10
TK5,PALMA RBD,610,381,250,320,55,114.0094494,102.60850445999999,0.9,30006.466293399997,,2020-06-10
TK 800,PALMA RBD,1224,968,5000,415,,735.9386496,662.34478464,0.9,540836.93077376,,2020-06-10
TK 500,PALMA RBD,733,960,3500,718,20,723.82464,651.442176,0.9,13271.63264,,2020-06-10
TK 60,ACIDOS GRASOS DE PALMA,610,381,250,290,50,114.0094494,102.31633039185253,0.8974372820000001,32991.22572539281,,2020-06-10
N1,ACEITE DE PALMA CRUDO (CPO),458,298,250,438,100,69.7466616,63.469462056,0.91,1519.38924112,,2020-06-10
N2,ACEITE DE PALMA BLANQUEADO (BPO),458,298,250,327,60,69.7466616,63.469462056,0.91,8564.499529335999,,2020-06-10
TK 370,PALMISTE CRUDO ,839,771,3891,808,60,466.8739614,415.517825646,0.89,16772.052595025998,,2020-06-10
CRISTA 1,PALMA RBD,671,292,2200,675,50,66.9663456,60.0688120032,0.897,1959.7247519872,,2020-06-10
CRISTA 2,PALMA RBD,671,292,2200,33,50,66.9663456,60.0688120032,0.897,40523.9020580416,,2020-06-10
TOLVA ,ESTEARINA DE PALMA RBD,152,430,500,79,50,145.22046,130.698414,0.9,10040.984222000001,,2020-06-10
OLEINA LAVADO,OLEINA LAVADO ,304,160,200,304,50,20.106240000000003,17.894553600000002,0.89,200,,2020-06-10
TK40 RECEPCION ,OLEINA PROCESO ,381,389,0,285,50,118.8475134,106.96276206,0.9,10268.42515776,,2020-06-10
TK150 ,OLEINA DESPACHO ,915,490,1500,200,,188.57454,167.8313406,0.89,121499.40852900001,,2020-06-10
TK EMPAQUE  ,OLEINA ,306,249,200,115,70,48.6955854,43.339071006,0.89,8477.762562146,,2020-06-10
OLEINA ENVASADA,OLEINA ENVASADA,,,,-,,,0,,,,2020-06-10
CRISTA 1,,300,270,1200,53,60,57.25566,51.530094,0.9,13927.933218,,2020-06-10
CRISTA 2,,459,194,200,VACIO,,29.56,26.604,0.9,,,2020-06-10
TOLVA 1,,190,205,200,VACIO,70,33.006434999999996,26.405147999999997,0.8,,,2020-06-10
TOLVA 2,,152,271,300,VACIO,70,57.6805614,46.144449120000004,0.8,,,2020-06-10
TK1,ESTEARINA  DE PALMA  RBD,610,381,250,408,55,114.0094494,102.60850445999999,0.9,20976.917900919998,,2020-06-11
TK2,INTERESTERIFICADO ,610,381,250,420,55,114.0094494,102.60850445999999,0.9,19745.615847399997,,2020-06-11
TK3,PALMISTE RBD,610,381,250,109,55,114.0094494,98.048126484,0.86,49372.111368483995,,2020-06-11
TK4,GRASA DURA ,610,381,250,VACIO,55,114.0094494,102.60850445999999,0.9,,,2020-06-11
TK5,PALMA RBD,610,381,250,232,55,114.0094494,102.60850445999999,0.9,39036.01468588,,2020-06-11
TK 800,PALMA RBD,1224,968,5000,505,,735.9386496,662.34478464,0.9,481225.90015615994,,2020-06-11
TK 500,PALMA RBD,733,960,3500,VACIO,20,723.82464,651.442176,0.9,,,2020-06-11
TK 60,ACIDOS GRASOS DE PALMA,610,381,250,591,50,114.0094494,102.31633039185253,0.8974372820000001,2194.010277445198,,2020-06-11
N1,ACEITE DE PALMA CRUDO (CPO),458,298,250,18,100,69.7466616,63.469462056,0.91,28176.56330464,,2020-06-11
N2,ACEITE DE PALMA BLANQUEADO (BPO),458,298,250,290,60,69.7466616,63.469462056,0.91,10912.869625407999,,2020-06-11
TK 370,PALMISTE CRUDO ,839,771,3891,780,60,466.8739614,415.517825646,0.89,28406.551713114,,2020-06-11
CRISTA 1,PALMA RBD,671,292,2200,438,50,66.9663456,60.0688120032,0.897,16196.0331967456,,2020-06-11
CRISTA 2,PALMA RBD,671,292,2200,24,50,66.9663456,60.0688120032,0.897,41064.5213660704,,2020-06-11
TOLVA ,ESTEARINA DE PALMA RBD,152,430,500,78,50,145.22046,130.698414,0.9,10171.682636000001,,2020-06-11
OLEINA LAVADO,OLEINA LAVADO ,304,160,200,304,50,20.106240000000003,17.894553600000002,0.89,200,,2020-06-11
TK40 RECEPCION ,OLEINA PROCESO ,381,389,0,VACIO,50,118.8475134,106.96276206,0.9,,,2020-06-11
TK150 ,OLEINA DESPACHO ,915,490,1500,350,,188.57454,167.8313406,0.89,96324.707439,,2020-06-11
TK EMPAQUE  ,OLEINA ,306,249,200,115,70,48.6955854,43.339071006,0.89,8477.762562146,,2020-06-11
OLEINA ENVASADA,OLEINA ENVASADA,,,,-,,,0,,,,2020-06-11
CRISTA 1,,300,270,1200,66,60,57.25566,51.530094,0.9,13258.041996,,2020-06-11
CRISTA 2,,459,194,200,VACIO,,29.56,26.604,0.9,,,2020-06-11
TOLVA 1,,190,205,200,VACIO,70,33.006434999999996,26.405147999999997,0.8,,,2020-06-11
TOLVA 2,,152,271,300,VACIO,70,57.6805614,46.144449120000004,0.8,,,2020-06-11
